"delivery_date","route_id","vehicle_id_list","route_name","store_count","sum_ambient_turnover_boxes","sum_ambient_cartons","sum_ambient_full_cases","sum_frozen_bags","sum_frozen_cartons","route_load_w1","trip_distance_km_one_way","missing_segment_count"
"2025-11-08","150","京A7JH28","张家口1线","10","0.0","0.0","0.0","31.0","8.0","0.279386","77.641","4"
"2025-11-08","151","京MHM706","张家口2线","8","9.0","17.0","74.0","14.0","6.0","0.415408","308.952","0"
"2025-11-08","156","京A0VW61","承德1线","8","12.0","14.0","90.0","16.0","4.0","0.475515","603.803","0"
"2025-11-08","157","京JLN188","承德2线","8","8.0","18.0","125.0","11.0","1.0","0.509261","378.5","0"
"2025-11-10","150","京A7JH28","张家口1线","10","0.0","0.0","0.0","22.0","13.0","0.217544","27.575","5"
"2025-11-10","151","京MHM706","张家口2线","8","15.0","19.0","104.0","19.0","11.0","0.583429","390.322","0"
"2025-11-10","156","京A0VW61","承德1线","8","19.0","26.0","94.0","13.0","3.0","0.523805","598.179","0"
"2025-11-10","157","京JLN188","承德2线","8","14.0","16.0","86.0","14.0","0.0","0.452721","377.536","0"
"2025-11-11","150","京A7JH28","张家口1线","10","0.0","0.0","0.0","22.0","7.0","0.201754","27.575","5"
"2025-11-11","151","京MHM706","张家口2线","8","11.0","17.0","87.0","16.0","6.0","0.475947","390.322","0"
"2025-11-11","156","京A0VW61","承德1线","8","12.0","13.0","126.0","16.0","3.0","0.564989","598.179","0"
"2025-11-11","157","京JLN188","承德2线","8","11.0","16.0","135.0","19.0","2.0","0.614105","377.536","0"
"2025-11-12","150","京A7JH28","张家口1线","10","0.0","0.0","0.0","17.0","0.0","0.141667","27.575","5"
"2025-11-12","151","京MHM706","张家口2线","8","15.0","20.0","68.0","10.0","1.0","0.390008","390.322","0"
"2025-11-12","156","京A0VW61","承德1线","8","18.0","19.0","91.0","12.0","0.0","0.47643","598.179","0"
"2025-11-12","157","京JLN188","承德2线","8","15.0","18.0","62.0","11.0","3.0","0.382551","377.536","0"
"2025-11-13","150","京A7JH28","张家口1线","10","0.0","0.0","0.0","13.0","1.0","0.110965","27.575","5"
"2025-11-13","151","京MHM706","张家口2线","8","8.0","14.0","100.0","12.0","1.0","0.441279","390.322","0"
"2025-11-13","156","京A0VW61","承德1线","8","9.0","12.0","151.0","14.0","6.0","0.604882","598.179","0"
"2025-11-13","157","京JLN188","承德2线","8","9.0","8.0","89.0","12.0","2.0","0.404005","377.536","0"
"2025-11-14","150","京A7JH28","张家口1线","10","0.0","0.0","0.0","19.0","14.0","0.195175","27.575","5"
"2025-11-14","151","京MHM706","张家口2线","8","20.0","21.0","100.0","12.0","2.0","0.520303","390.322","0"
"2025-11-14","156","京A0VW61","承德1线","8","19.0","23.0","79.0","18.0","0.0","0.510208","598.179","0"
"2025-11-14","157","京JLN188","承德2线","8","20.0","12.0","88.0","10.0","1.0","0.445741","377.536","0"
"2025-11-15","150","京A7JH28","张家口1线","10","0.0","0.0","0.0","28.0","8.0","0.254386","77.641","4"
"2025-11-15","151","京MHM706","张家口2线","8","11.0","18.0","102.0","13.0","4.0","0.487789","308.952","0"
"2025-11-15","156","京A0VW61","承德1线","8","12.0","16.0","96.0","15.0","4.0","0.488234","603.803","0"
"2025-11-15","157","京JLN188","承德2线","8","9.0","10.0","103.0","16.0","1.0","0.476812","378.5","0"
"2025-11-17","150","京A7JH28","张家口1线","10","0.0","0.0","0.0","30.0","2.0","0.255263","27.575","5"
"2025-11-17","151","京MHM706","张家口2线","8","30.0","21.0","177.0","17.0","4.0","0.818173","390.322","0"
"2025-11-17","156","京A0VW61","承德1线","8","20.0","27.0","180.0","12.0","6.0","0.757145","598.179","0"
"2025-11-17","157","京JLN188","承德2线","8","16.0","21.0","133.0","18.0","4.0","0.643084","377.536","0"
"2025-11-18","150","京A7JH28","张家口1线","10","0.0","0.0","0.0","25.0","12.0","0.239912","27.575","5"
"2025-11-18","151","京MHM706","张家口2线","8","15.0","12.0","152.0","13.0","5.0","0.625534","390.322","0"
"2025-11-18","156","京A0VW61","承德1线","8","13.0","15.0","162.0","17.0","7.0","0.688679","598.179","0"
"2025-11-18","157","京JLN188","承德2线","8","11.0","11.0","124.0","13.0","6.0","0.532526","377.536","0"
"2025-11-19","150","京A7JH28","张家口1线","10","0.0","0.0","0.0","13.0","3.0","0.116228","27.575","5"
"2025-11-19","151","京MHM706","张家口2线","8","17.0","20.0","78.0","13.0","2.0","0.453617","390.322","0"
"2025-11-19","156","京A0VW61","承德1线","8","21.0","27.0","90.0","13.0","1.0","0.520309","598.179","0"
"2025-11-19","157","京JLN188","承德2线","8","18.0","19.0","54.0","10.0","1.0","0.365027","377.536","0"
"2025-11-20","150","京A7JH28","张家口1线","10","0.0","0.0","0.0","11.0","1.0","0.094298","27.575","5"
"2025-11-20","151","京MHM706","张家口2线","8","13.0","20.0","97.0","10.0","0.0","0.45403","390.322","0"
"2025-11-20","156","京A0VW61","承德1线","8","13.0","15.0","122.0","12.0","1.0","0.52596","598.179","0"
"2025-11-20","157","京JLN188","承德2线","8","14.0","17.0","87.0","10.0","2.0","0.429914","377.536","0"
"2025-11-21","150","京A7JH28","张家口1线","10","0.0","0.0","0.0","20.0","4.0","0.177193","27.575","5"
"2025-11-21","151","京MHM706","张家口2线","8","15.0","19.0","87.0","13.0","1.0","0.462376","390.322","0"
"2025-11-21","156","京A0VW61","承德1线","8","16.0","19.0","68.0","14.0","0.0","0.422909","598.179","0"
"2025-11-21","157","京JLN188","承德2线","8","15.0","19.0","46.0","7.0","1.0","0.304481","377.536","0"
"2025-11-22","150","京A7JH28","张家口1线","10","0.0","0.0","0.0","32.0","6.0","0.282456","77.641","4"
"2025-11-22","151","京MHM706","张家口2线","8","9.0","18.0","84.0","15.0","0.0","0.436899","308.952","0"
"2025-11-22","156","京A0VW61","承德1线","8","10.0","19.0","116.0","17.0","3.0","0.553134","603.803","0"
"2025-11-22","157","京JLN188","承德2线","8","7.0","14.0","89.0","10.0","1.0","0.390834","378.5","0"
"2025-11-24","150","京A7JH28","张家口1线","10","0.0","0.0","0.0","31.0","12.0","0.289912","27.575","5"
"2025-11-24","151","京MHM706","张家口2线","8","20.0","28.0","110.0","17.0","13.0","0.635653","390.322","0"
"2025-11-24","156","京A0VW61","承德1线","8","23.0","17.0","132.0","18.0","5.0","0.666374","598.179","0"
"2025-11-24","157","京JLN188","承德2线","8","16.0","18.0","91.0","16.0","4.0","0.507996","377.536","0"
"2025-11-25","150","京A7JH28","张家口1线","10","0.0","0.0","0.0","27.0","12.0","0.256579","27.575","5"
"2025-11-25","151","京MHM706","张家口2线","8","9.0","13.0","89.0","14.0","3.0","0.436461","390.322","0"
"2025-11-25","156","京A0VW61","承德1线","8","12.0","17.0","125.0","15.0","4.0","0.567182","598.179","0"
"2025-11-25","157","京JLN188","承德2线","8","10.0","10.0","87.0","13.0","6.0","0.427695","377.536","0"
"2025-11-26","150","京A7JH28","张家口1线","10","0.0","0.0","0.0","24.0","2.0","0.205263","27.575","5"
"2025-11-26","151","京MHM706","张家口2线","8","14.0","26.0","73.0","12.0","0.0","0.428159","390.322","0"
"2025-11-26","156","京A0VW61","承德1线","8","16.0","20.0","78.0","10.0","1.0","0.421154","598.179","0"
"2025-11-26","157","京JLN188","承德2线","8","20.0","22.0","68.0","12.0","0.0","0.43346","377.536","0"
"2025-11-27","150","京A7JH28","张家口1线","10","0.0","0.0","0.0","20.0","0.0","0.166667","27.575","5"
"2025-11-27","151","京MHM706","张家口2线","8","11.0","16.0","77.0","10.0","2.0","0.386473","390.322","0"
"2025-11-27","156","京A0VW61","承德1线","8","8.0","13.0","84.0","15.0","0.0","0.418911","598.179","0"
"2025-11-27","157","京JLN188","承德2线","8","9.0","5.0","101.0","10.0","1.0","0.408391","377.536","0"
"2025-11-28","150","京A7JH28","张家口1线","10","0.0","0.0","0.0","24.0","4.0","0.210526","27.575","5"
"2025-11-28","151","京MHM706","张家口2线","8","14.0","16.0","60.0","13.0","3.0","0.383861","390.322","0"
"2025-11-28","156","京A0VW61","承德1线","8","19.0","23.0","86.0","11.0","3.0","0.478191","598.179","0"
"2025-11-28","157","京JLN188","承德2线","8","14.0","20.0","50.0","10.0","1.0","0.337808","377.536","0"
"2025-11-29","150","京A7JH28","张家口1线","10","0.0","0.0","0.0","31.0","5.0","0.271491","77.641","4"
"2025-11-29","151","京MHM706","张家口2线","8","13.0","11.0","94.0","21.0","0.0","0.514118","308.952","0"
"2025-11-29","156","京A0VW61","承德1线","8","13.0","19.0","136.0","17.0","3.0","0.620258","603.803","0"
"2025-11-29","157","京JLN188","承德2线","8","6.0","8.0","80.0","10.0","0.0","0.343898","378.5","0"
"2025-12-01","150","京A7JH28","张家口1线","10","0.0","0.0","0.0","22.0","9.0","0.207018","27.575","5"
"2025-12-01","151","京MHM706","张家口2线","8","15.0","29.0","165.0","21.0","4.0","0.768516","390.322","0"
"2025-12-01","156","京A0VW61","承德1线","8","23.0","22.0","197.0","17.0","2.0","0.834357","598.179","0"
"2025-12-01","157","京JLN188","承德2线","8","21.0","19.0","149.0","17.0","0.0","0.685221","377.536","0"
"2025-12-02","150","京A7JH28","张家口1线","10","0.0","0.0","0.0","26.0","6.0","0.232456","27.575","5"
"2025-12-02","151","京MHM706","张家口2线","8","10.0","17.0","151.0","18.0","6.0","0.656204","390.322","0"
"2025-12-02","156","京A0VW61","承德1线","8","11.0","16.0","109.0","18.0","2.0","0.537351","598.179","0"
"2025-12-02","157","京JLN188","承德2线","8","9.0","14.0","115.0","15.0","1.0","0.510584","377.536","0"
"2025-12-03","150","京A7JH28","张家口1线","10","0.0","0.0","0.0","18.0","3.0","0.157895","27.575","5"
"2025-12-03","151","京MHM706","张家口2线","8","15.0","24.0","76.0","14.0","3.0","0.460183","390.322","0"
"2025-12-03","156","京A0VW61","承德1线","8","21.0","23.0","114.0","11.0","1.0","0.556274","598.179","0"
"2025-12-03","157","京JLN188","承德2线","8","15.0","14.0","84.0","9.0","3.0","0.413253","377.536","0"
"2025-12-04","150","京A7JH28","张家口1线","10","0.0","0.0","0.0","19.0","6.0","0.174123","27.575","5"
"2025-12-04","151","京MHM706","张家口2线","8","8.0","16.0","83.0","11.0","0.0","0.39084","390.322","0"
"2025-12-04","156","京A0VW61","承德1线","8","9.0","16.0","142.0","16.0","1.0","0.595233","598.179","0"
"2025-12-04","157","京JLN188","承德2线","8","9.0","12.0","97.0","16.0","1.0","0.466285","377.536","0"
"2025-12-05","150","京A7JH28","张家口1线","10","0.0","0.0","0.0","21.0","4.0","0.185526","27.575","5"
"2025-12-05","151","京MHM706","张家口2线","8","17.0","20.0","80.0","11.0","1.0","0.439582","390.322","0"
"2025-12-05","156","京A0VW61","承德1线","8","18.0","27.0","87.0","10.0","0.0","0.47029","598.179","0"
"2025-12-05","157","京JLN188","承德2线","8","5.0","19.0","48.0","9.0","1.0","0.278102","377.536","0"
"2025-12-06","150","京A7JH28","张家口1线","10","0.0","0.0","0.0","25.0","12.0","0.239912","77.641","4"
"2025-12-06","151","京MHM706","张家口2线","8","11.0","16.0","89.0","15.0","6.0","0.470245","308.952","0"
"2025-12-06","156","京A0VW61","承德1线","8","6.0","18.0","131.0","15.0","2.0","0.551354","603.803","0"
"2025-12-06","157","京JLN188","承德2线","8","9.0","12.0","82.0","11.0","0.0","0.382513","378.5","0"
"2025-12-08","150","京A7JH28","张家口1线","10","0.0","0.0","0.0","28.0","7.0","0.251754","27.575","5"
"2025-12-08","151","京MHM706","张家口2线","8","25.0","20.0","98.0","16.0","3.0","0.572527","390.322","0"
"2025-12-08","156","京A0VW61","承德1线","8","19.0","23.0","131.0","16.0","3.0","0.638279","598.179","0"
"2025-12-08","157","京JLN188","承德2线","8","28.0","31.0","203.0","23.0","1.0","0.945353","377.536","0"
"2025-12-09","150","京A7JH28","张家口1线","10","0.0","0.0","0.0","24.0","5.0","0.213158","27.575","5"
"2025-12-09","151","京MHM706","张家口2线","8","9.0","15.0","139.0","15.0","2.0","0.579005","390.322","0"
"2025-12-09","156","京A0VW61","承德1线","8","8.0","15.0","115.0","15.0","1.0","0.508384","598.179","0"
"2025-12-09","157","京JLN188","承德2线","8","11.0","14.0","161.0","31.0","4.0","0.782526","377.536","0"
"2025-12-10","150","京A7JH28","张家口1线","10","0.0","0.0","0.0","18.0","2.0","0.155263","27.575","5"
"2025-12-10","151","京MHM706","张家口2线","8","14.0","14.0","57.0","13.0","0.0","0.362808","390.322","0"
"2025-12-10","156","京A0VW61","承德1线","8","15.0","25.0","72.0","10.0","0.0","0.41106","598.179","0"
"2025-12-10","157","京JLN188","承德2线","8","21.0","10.0","86.0","12.0","0.0","0.454081","377.536","0"
"2025-12-11","150","京A7JH28","张家口1线","10","0.0","0.0","0.0","22.0","7.0","0.201754","27.575","5"
"2025-12-11","151","京MHM706","张家口2线","8","8.0","10.0","59.0","12.0","0.0","0.320226","390.322","0"
"2025-12-11","156","京A0VW61","承德1线","8","7.0","18.0","108.0","16.0","1.0","0.50136","598.179","0"
"2025-12-11","157","京JLN188","承德2线","8","5.0","9.0","88.0","16.0","2.0","0.418014","377.536","0"
"2025-12-12","150","京A7JH28","张家口1线","10","0.0","0.0","0.0","20.0","3.0","0.174561","27.575","5"
"2025-12-12","151","京MQJ320","张家口2线","8","19.0","24.0","88.0","14.0","5.0","0.516349","390.322","0"
"2025-12-12","156","京A0VW61","承德1线","8","24.0","15.0","79.0","12.0","2.0","0.468574","598.179","0"
"2025-12-12","157","京JLN188","承德2线","8","29.0","16.0","83.0","17.0","2.0","0.547553","377.536","0"
"2025-12-13","150","京A7JH28","张家口1线","7","0.0","0.0","0.0","27.0","3.0","0.232895","61.565","4"
"2025-12-13","151","京MHM706","张家口2线","8","12.0","26.0","101.0","14.0","1.0","0.51148","308.952","0"
"2025-12-13","156","京A0VW61","承德1线","8","12.0","16.0","107.0","18.0","1.0","0.534287","603.803","0"
"2025-12-13","157","京JLN188","承德2线","8","9.0","10.0","121.0","26.0","0.0","0.604882","378.5","0"
"2025-12-15","150","京A7JH28","张家口1线","10","0.0","0.0","0.0","21.0","8.0","0.196053","27.575","5"
"2025-12-15","151","京MQJ320","张家口2线","8","21.0","21.0","100.0","14.0","0.0","0.536537","390.322","0"
"2025-12-15","156","京A0VW61","承德1线","8","15.0","23.0","91.0","16.0","1.0","0.508429","598.179","0"
"2025-12-15","157","京JLN188","承德2线","8","17.0","20.0","66.0","13.0","0.0","0.416775","377.536","0"
"2025-12-16","150","京A7JH28","张家口1线","10","0.0","0.0","0.0","24.0","3.0","0.207895","27.575","5"
"2025-12-16","151","京MQJ320","张家口2线","8","9.0","16.0","105.0","15.0","3.0","0.494794","390.322","0"
"2025-12-16","156","京A0VW61","承德1线","8","7.0","18.0","120.0","13.0","2.0","0.510571","598.179","0"
"2025-12-16","157","京JLN188","承德2线","8","6.0","13.0","101.0","12.0","2.0","0.434249","377.536","0"
"2025-12-17","150","京A7JH28","张家口1线","10","0.0","0.0","0.0","16.0","5.0","0.146491","27.575","5"
"2025-12-17","151","京MQJ320","张家口2线","8","13.0","22.0","55.0","14.0","1.0","0.384732","390.322","0"
"2025-12-17","156","京A0VW61","承德1线","8","24.0","21.0","108.0","12.0","0.0","0.555416","598.179","0"
"2025-12-17","157","京JLN188","承德2线","8","23.0","21.0","88.0","13.0","2.0","0.51155","377.536","0"
"2025-12-18","150","京A7JH28","张家口1线","10","0.0","0.0","0.0","28.0","0.0","0.233333","27.575","5"
"2025-12-18","151","京MQJ320","张家口2线","8","9.0","14.0","96.0","12.0","0.0","0.432952","390.322","0"
"2025-12-18","156","京A0VW61","承德1线","8","9.0","13.0","73.0","13.0","0.0","0.378127","598.179","0"
"2025-12-18","157","京JLN188","承德2线","8","9.0","10.0","94.0","10.0","0.0","0.400496","377.536","0"
"2025-12-19","150","京A7JH28","张家口1线","10","0.0","0.0","0.0","24.0","1.0","0.202632","27.575","5"
"2025-12-19","151","京MQJ320","张家口2线","8","13.0","21.0","58.0","14.0","0.0","0.387363","390.322","0"
"2025-12-19","156","京A0VW61","承德1线","8","12.0","22.0","71.0","10.0","0.0","0.386041","598.179","0"
"2025-12-19","157","京JLN188","承德2线","8","21.0","14.0","55.0","9.0","0.0","0.358028","377.536","0"
"2025-12-20","150","京A7JH28","张家口1线","10","0.0","0.0","0.0","33.0","12.0","0.306579","270.554","4"
"2025-12-20","151","京MQJ320","张家口2线","8","13.0","10.0","109.0","18.0","4.0","0.536486","308.952","0"
"2025-12-20","156","京A0VW61","承德1线","8","14.0","17.0","115.0","17.0","1.0","0.5593","603.803","0"
"2025-12-20","157","京JLN188","承德2线","8","10.0","10.0","109.0","16.0","1.0","0.497432","378.5","0"
"2025-12-22","150","京A7JH28","张家口1线","4","0.0","0.0","0.0","20.0","2.0","0.17193","0.0","4"
"2025-12-22","151","京MQJ320","张家口2线","8","18.0","18.0","85.0","19.0","2.0","0.521606","390.322","0"
"2025-12-22","156","京A0VW61","承德1线","8","16.0","32.0","108.0","19.0","1.0","0.606681","598.179","0"
"2025-12-22","157","京JLN188","承德2线","8","21.0","26.0","187.0","21.0","1.0","0.839607","377.536","0"
"2025-12-23","150","京A7JH28","张家口1线","10","0.0","0.0","0.0","28.0","8.0","0.254386","217.658","4"
"2025-12-23","151","京MQJ320","张家口2线","8","8.0","13.0","162.0","17.0","9.0","0.664525","390.322","0"
"2025-12-23","156","京A0VW61","承德1线","8","8.0","19.0","142.0","19.0","3.0","0.62856","598.179","0"
"2025-12-23","157","京JLN188","承德2线","8","9.0","20.0","188.0","23.0","5.0","0.795671","377.536","0"
"2025-12-24","150","京A7JH28","张家口1线","10","0.0","0.0","0.0","17.0","11.0","0.170614","217.658","4"
"2025-12-24","151","京MQJ320","张家口2线","8","13.0","14.0","80.0","10.0","2.0","0.398767","390.322","0"
"2025-12-24","156","京A0VW61","承德1线","8","16.0","22.0","89.0","13.0","3.0","0.485628","598.179","0"
"2025-12-24","157","京JLN188","承德2线","8","25.0","26.0","96.0","15.0","3.0","0.57472","377.536","0"
"2025-12-25","150","京A7JH28","张家口1线","10","0.0","0.0","0.0","19.0","5.0","0.171491","217.658","4"
"2025-12-25","151","京MQJ320","张家口2线","8","11.0","12.0","123.0","15.0","0.0","0.533403","390.322","0"
"2025-12-25","156","京A0VW61","承德1线","8","9.0","13.0","87.0","12.0","8.0","0.427689","598.179","0"
"2025-12-25","157","京JLN188","承德2线","8","6.0","9.0","90.0","9.0","1.0","0.367143","377.536","0"
"2025-12-26","150","京A7JH28","张家口1线","10","0.0","0.0","0.0","25.0","2.0","0.213596","217.658","4"
"2025-12-26","151","京MQJ320","张家口2线","8","13.0","17.0","70.0","17.0","1.0","0.436048","390.322","0"
"2025-12-26","156","京A0VW61","承德1线","8","15.0","21.0","88.0","14.0","1.0","0.478604","598.179","0"
"2025-12-26","157","京JLN188","承德2线","8","17.0","22.0","83.0","13.0","0.0","0.466775","377.536","0"
"2025-12-27","150","京A7JH28","张家口1线","10","0.0","0.0","0.0","34.0","5.0","0.296491","270.554","4"
"2025-12-27","151","京MQJ320","张家口2线","8","14.0","16.0","85.0","13.0","8.0","0.462808","308.952","0"
"2025-12-27","156","京A0VW61","承德1线","8","13.0","17.0","123.0","17.0","0.0","0.57289","603.803","0"
"2025-12-27","157","京JLN188","承德2线","8","12.0","9.0","95.0","18.0","3.0","0.48955","378.5","0"
"2025-12-29","150","京A7JH28","张家口1线","10","0.0","0.0","0.0","30.0","7.0","0.268421","217.658","4"
"2025-12-29","151","京MQJ320","张家口2线","8","21.0","26.0","140.0","15.0","4.0","0.673818","390.322","0"
"2025-12-29","156","京A0VW61","承德1线","7","16.0","24.0","113.0","17.0","0.0","0.579488","241.177","0"
"2025-12-29","157","京JLN188","承德2线","6","9.0","13.0","111.0","10.0","1.0","0.455759","386.387","0"
"2025-12-30","150","京A7JH28","张家口1线","10","0.0","0.0","0.0","30.0","5.0","0.263158","217.658","4"
"2025-12-30","151","京MQJ320","张家口2线","8","9.0","21.0","124.0","15.0","4.0","0.560584","390.322","0"
"2025-12-30","156","京A0VW61","承德1线","8","7.0","16.0","94.0","15.0","2.0","0.453553","603.23","0"
"2025-12-30","157","京JLN188","承德2线","8","13.0","24.0","193.0","28.0","1.0","0.869819","377.536","0"
"2025-12-31","150","京A7JH28","张家口1线","10","0.0","0.0","0.0","26.0","7.0","0.235088","217.658","4"
"2025-12-31","151","京MQJ320","张家口2线","8","9.0","26.0","65.0","14.0","2.0","0.404882","390.322","0"
"2025-12-31","156","京A0VW61","承德1线","8","16.0","25.0","96.0","11.0","5.0","0.50054","603.23","0"
"2025-12-31","157","京JLN188","承德2线","8","31.0","32.0","97.0","27.0","2.0","0.719495","377.536","0"
"2026-01-01","150","京A7JH28","张家口1线","10","0.0","0.0","0.0","30.0","7.0","0.268421","217.658","4"
"2026-01-01","151","京MQJ320","张家口2线","8","7.0","13.0","90.0","12.0","2.0","0.410132","390.322","0"
"2026-01-01","156","京A0VW61","承德1线","8","8.0","15.0","126.0","17.0","4.0","0.561893","603.23","0"
"2026-01-01","157","京JLN188","承德2线","8","8.0","12.0","164.0","26.0","2.0","0.723735","377.536","0"
"2026-01-02","150","京A7JH28","张家口1线","10","0.0","0.0","0.0","30.0","6.0","0.265789","217.658","4"
"2026-01-02","151","京MQJ320","张家口2线","8","21.0","24.0","116.0","21.0","8.0","0.665923","390.322","0"
"2026-01-02","156","京A0VW61","承德1线","8","21.0","24.0","99.0","17.0","5.0","0.579958","603.23","0"
"2026-01-02","157","京JLN188","承德2线","8","23.0","26.0","97.0","10.0","1.0","0.52076","377.536","0"
"2026-01-03","150","京A7JH28","张家口1线","10","0.0","0.0","0.0","32.0","13.0","0.300877","217.658","4"
"2026-01-03","151","京MQJ320","张家口2线","8","11.0","25.0","211.0","22.0","12.0","0.889105","390.322","0"
"2026-01-03","156","京A0VW61","承德1线","8","12.0","11.0","128.0","14.0","2.0","0.54569","235.917","0"
"2026-01-03","157","京JLN188","承德2线","6","11.0","14.0","180.0","20.0","4.0","0.740859","364.22","0"
"2026-01-05","150","京A7JH28","张家口1线","10","0.0","0.0","0.0","31.0","3.0","0.266228","217.658","4"
"2026-01-05","151","京MQJ320","张家口2线","6","33.0","14.0","173.0","10.0","2.0","0.740122","387.132","0"
"2026-01-05","156","京A0VW61","承德1线","8","21.0","19.0","94.0","15.0","3.0","0.531712","603.23","0"
"2026-01-05","157","京JLN188","承德2线","8","37.0","23.0","190.0","18.0","2.0","0.894533","377.536","0"
"2026-01-06","150","京A7JH28","张家口1线","10","0.0","0.0","0.0","16.0","3.0","0.141228","217.658","4"
"2026-01-06","151","京MQJ320","张家口2线","8","14.0","15.0","156.0","15.0","3.0","0.650528","391.002","0"
"2026-01-06","156","京A0VW61","承德1线","8","12.0","17.0","109.0","14.0","1.0","0.508848","603.23","0"
"2026-01-06","157","京JLN188","承德2线","8","8.0","16.0","170.0","19.0","5.0","0.699612","377.536","0"
"2026-01-07","150","京A7JH28","张家口1线","9","0.0","0.0","0.0","15.0","3.0","0.132895","208.231","4"
"2026-01-07","151","京MQJ320","张家口2线","8","18.0","22.0","94.0","11.0","7.0","0.502307","391.002","0"
"2026-01-07","156","京A0VW61","承德1线","8","16.0","29.0","69.0","11.0","6.0","0.442646","603.23","0"
"2026-01-07","157","京JLN188","承德2线","8","10.0","27.0","63.0","8.0","1.0","0.35445","377.536","0"
"2026-01-08","150","京A7JH28","张家口1线","9","0.0","0.0","0.0","12.0","1.0","0.102632","208.231","4"
"2026-01-08","151","京MQJ320","张家口2线","8","8.0","14.0","93.0","11.0","1.0","0.414525","391.002","0"
"2026-01-08","156","京A0VW61","承德1线","8","9.0","12.0","77.0","8.0","2.0","0.349619","603.23","0"
"2026-01-08","157","京JLN188","承德2线","8","8.0","9.0","75.0","12.0","0.0","0.3597","377.536","0"
"2026-01-09","150","京A7JH28","张家口1线","9","0.0","0.0","0.0","16.0","6.0","0.149123","208.231","4"
"2026-01-09","151","京MQJ320","张家口2线","8","7.0","24.0","53.0","10.0","2.0","0.325044","391.002","0"
"2026-01-09","156","京A0VW61","承德1线","8","17.0","27.0","73.0","13.0","0.0","0.453617","603.23","0"
"2026-01-09","157","京JLN188","承德2线","8","19.0","23.0","78.0","7.0","2.0","0.421173","377.536","0"
"2026-01-10","150","京A7JH28","张家口1线","10","0.0","0.0","0.0","27.0","6.0","0.240789","270.554","4"
"2026-01-10","151","京MQJ320","张家口2线","8","14.0","13.0","91.0","19.0","7.0","0.518071","308.952","0"
"2026-01-10","156","京A0VW61","承德1线","8","9.0","21.0","127.0","19.0","5.0","0.604443","603.803","0"
"2026-01-10","157","京JLN188","承德2线","8","12.0","14.0","65.0","11.0","2.0","0.362796","378.5","0"
"2026-01-12","150","京A7JH28","张家口1线","9","0.0","0.0","0.0","23.0","10.0","0.217982","208.231","4"
"2026-01-12","151","京MQJ320","张家口2线","8","19.0","20.0","92.0","17.0","6.0","0.54398","391.002","0"
"2026-01-12","156","京A0VW61","承德1线","8","12.0","25.0","108.0","13.0","3.0","0.524199","603.23","0"
"2026-01-12","157","京JLN188","承德2线","8","10.0","17.0","81.0","11.0","1.0","0.400502","377.536","0"
"2026-01-13","150","京A7JH28","张家口1线","9","0.0","0.0","0.0","21.0","4.0","0.185526","208.231","4"
"2026-01-13","151","京MQJ320","张家口2线","8","9.0","19.0","133.0","15.0","4.0","0.579005","391.002","0"
"2026-01-13","156","京A0VW61","承德1线","8","8.0","19.0","137.0","10.0","6.0","0.548296","603.23","0"
"2026-01-13","157","京JLN188","承德2线","8","7.0","7.0","91.0","13.0","5.0","0.413202","377.536","0"
"2026-01-14","150","京A7JH28","张家口1线","9","0.0","0.0","0.0","18.0","2.0","0.155263","208.231","4"
"2026-01-14","151","京MQJ320","张家口2线","8","19.0","23.0","69.0","12.0","1.0","0.436524","391.002","0"
"2026-01-14","156","京A0VW61","承德1线","8","24.0","20.0","92.0","13.0","0.0","0.519012","603.23","0"
"2026-01-14","157","京JLN188","承德2线","8","16.0","11.0","52.0","15.0","0.0","0.368084","377.536","0"
"2026-01-15","150","京A7JH28","张家口1线","9","0.0","0.0","0.0","12.0","4.0","0.110526","208.231","4"
"2026-01-15","151","京MQJ320","张家口2线","8","9.0","16.0","118.0","15.0","4.0","0.531636","391.002","0"
"2026-01-15","156","京A0VW61","承德1线","8","6.0","19.0","115.0","11.0","4.0","0.48381","603.23","0"
"2026-01-15","157","京JLN188","承德2线","8","7.0","11.0","47.0","8.0","0.0","0.253115","377.536","0"
"2026-01-16","150","京A7JH28","张家口1线","9","0.0","0.0","0.0","25.0","3.0","0.216228","208.231","4"
"2026-01-16","151","京MQJ320","张家口2线","8","17.0","14.0","74.0","13.0","3.0","0.429933","391.002","0"
"2026-01-16","156","京A0VW61","承德1线","8","18.0","20.0","83.0","11.0","1.0","0.452307","603.23","0"
"2026-01-16","157","京JLN188","承德2线","8","17.0","14.0","71.0","12.0","0.0","0.40581","377.536","0"
"2026-01-17","150","京A7JH28","张家口1线","10","0.0","0.0","0.0","31.0","13.0","0.292544","270.554","4"
"2026-01-17","151","京MQJ320","张家口2线","8","11.0","14.0","124.0","17.0","6.0","0.573754","308.952","0"
"2026-01-17","156","京A0VW61","承德1线","8","11.0","9.0","176.0","20.0","6.0","0.722438","603.803","0"
"2026-01-17","157","京JLN188","承德2线","8","6.0","12.0","62.0","12.0","1.0","0.326354","378.5","0"
"2026-01-19","150","京A7JH28","张家口1线","9","0.0","0.0","0.0","30.0","10.0","0.276316","208.231","4"
"2026-01-19","151","京MQJ320","张家口2线","8","20.0","23.0","131.0","21.0","6.0","0.692671","391.002","0"
"2026-01-19","156","京A0VW61","承德1线","8","19.0","19.0","107.0","18.0","1.0","0.575998","603.23","0"
"2026-01-19","157","京JLN188","承德2线","8","13.0","18.0","128.0","12.0","3.0","0.554907","377.536","0"
"2026-01-20","150","京A7JH28","张家口1线","9","0.0","0.0","0.0","22.0","1.0","0.185965","208.231","4"
"2026-01-20","151","京MQJ320","张家口2线","8","9.0","11.0","99.0","19.0","1.0","0.493917","391.002","0"
"2026-01-20","156","京A0VW61","承德1线","8","10.0","14.0","72.0","15.0","1.0","0.402257","603.23","0"
"2026-01-20","157","京JLN188","承德2线","8","9.0","12.0","84.0","12.0","2.0","0.401373","377.536","0"
"2026-01-21","150","京A7JH28","张家口1线","9","0.0","0.0","0.0","19.0","0.0","0.158333","208.231","4"
"2026-01-21","151","京MQJ320","张家口2线","8","13.0","14.0","44.0","15.0","1.0","0.343065","391.002","0"
"2026-01-21","156","京A0VW61","承德1线","8","17.0","23.0","149.0","15.0","0.0","0.659757","603.23","0"
"2026-01-21","157","京JLN188","承德2线","8","11.0","17.0","55.0","12.0","2.0","0.347877","377.536","0"
"2026-01-22","150","京A7JH28","张家口1线","9","0.0","0.0","0.0","22.0","4.0","0.19386","208.231","4"
"2026-01-22","151","京MQJ320","张家口2线","8","8.0","16.0","87.0","16.0","5.0","0.456191","391.002","0"
"2026-01-22","156","京A0VW61","承德1线","8","8.0","12.0","92.0","16.0","0.0","0.445665","603.23","0"
"2026-01-22","157","京JLN188","承德2线","8","5.0","14.0","55.0","10.0","0.0","0.289067","377.536","0"
"2026-01-23","150","京A7JH28","张家口1线","9","0.0","0.0","0.0","24.0","8.0","0.221053","208.231","4"
"2026-01-23","151","京MQJ320","张家口2线","8","17.0","16.0","71.0","16.0","0.0","0.444406","391.002","0"
"2026-01-23","156","京A0VW61","承德1线","8","19.0","17.0","91.0","16.0","2.0","0.514594","603.23","0"
"2026-01-23","157","京JLN188","承德2线","8","14.0","15.0","76.0","10.0","1.0","0.393071","377.536","0"
"2026-01-24","150","京A7JH28","张家口1线","10","0.0","0.0","0.0","25.0","5.0","0.221491","270.554","4"
"2026-01-24","151","京MQJ320","张家口2线","8","9.0","23.0","132.0","26.0","10.0","0.694355","308.952","0"
"2026-01-24","156","京A0VW61","承德1线","8","6.0","19.0","119.0","18.0","4.0","0.55267","603.803","0"
"2026-01-24","157","京JLN188","承德2线","8","6.0","11.0","119.0","16.0","1.0","0.507056","378.5","0"
"2026-01-26","150","京A7JH28","张家口1线","9","0.0","0.0","0.0","28.0","6.0","0.249123","208.231","4"
"2026-01-26","151","京MQJ320","张家口2线","8","22.0","27.0","136.0","17.0","4.0","0.687421","391.002","0"
"2026-01-26","156","京A0VW61","承德1线","8","21.0","29.0","172.0","28.0","6.0","0.879519","603.23","0"
"2026-01-26","157","京JLN188","承德2线","8","16.0","18.0","76.0","15.0","2.0","0.454926","377.536","0"
"2026-01-27","150","京A7JH28","张家口1线","9","0.0","0.0","0.0","27.0","11.0","0.253947","208.231","4"
"2026-01-27","151","京MQJ320","张家口2线","8","10.0","17.0","159.0","19.0","7.0","0.688221","391.002","0"
"2026-01-27","156","京A0VW61","承德1线","8","9.0","22.0","148.0","18.0","2.0","0.64611","603.23","0"
"2026-01-27","157","京JLN188","承德2线","8","6.0","14.0","123.0","13.0","5.0","0.511003","377.536","0"
"2026-01-28","150","京A7JH28","张家口1线","9","0.0","0.0","0.0","25.0","4.0","0.21886","208.231","4"
"2026-01-28","151","京MQJ320","张家口2线","8","16.0","22.0","88.0","15.0","4.0","0.502295","391.002","0"
"2026-01-28","156","京A0VW61","承德1线","8","17.0","21.0","68.0","13.0","3.0","0.432564","603.23","0"
"2026-01-28","157","京JLN188","承德2线","8","18.0","13.0","84.0","12.0","1.0","0.444851","377.536","0"
"2026-01-29","150","京A7JH28","张家口1线","9","0.0","0.0","0.0","21.0","5.0","0.188158","208.231","4"
"2026-01-29","151","京MQJ320","张家口2线","8","7.0","19.0","118.0","15.0","2.0","0.524606","391.002","0"
"2026-01-29","156","京A0VW61","承德1线","9","11.0","20.0","118.0","15.0","1.0","0.54393","602.714","0"
"2026-01-29","157","京JLN188","承德2线","8","4.0","20.0","60.0","12.0","0.0","0.32985","377.536","0"
"2026-01-30","150","京A7JH28","张家口1线","9","0.0","0.0","0.0","17.0","1.0","0.144298","208.231","4"
"2026-01-30","151","京MQJ320","张家口2线","8","19.0","17.0","76.0","13.0","4.0","0.455384","391.002","0"
"2026-01-30","156","京A0VW61","承德1线","9","20.0","25.0","100.0","15.0","0.0","0.550566","602.714","0"
"2026-01-30","157","京JLN188","承德2线","8","23.0","18.0","57.0","12.0","0.0","0.40848","377.536","0"
"2026-01-31","150","京A7JH28","张家口1线","9","0.0","0.0","0.0","27.0","25.0","0.290789","263.335","4"
"2026-01-31","151","京MQJ320","张家口2线","8","10.0","21.0","116.0","18.0","6.0","0.574625","308.952","0"
"2026-01-31","156","京A0VW61","承德1线","7","5.0","15.0","126.0","15.0","2.0","0.52547","596.772","0"
"2026-01-31","157","京JLN188","承德2线","9","7.0","13.0","124.0","20.0","3.0","0.568904","563.15","0"
"2026-02-02","150","京A7JH28","张家口1线","9","0.0","0.0","0.0","29.0","9.0","0.265351","208.231","4"
"2026-02-02","151","京MQJ320","张家口2线","8","24.0","19.0","194.0","21.0","7.0","0.869889","391.002","0"
"2026-02-02","156","京A0VW61","承德1线","8","21.0","18.0","135.0","22.0","5.0","0.700572","601.931","0"
"2026-02-02","157","京JLN188","承德2线","9","22.0","22.0","149.0","19.0","4.0","0.72514","554.87","0"
"2026-02-03","150","京A7JH28","张家口1线","9","0.0","0.0","0.0","25.0","15.0","0.247807","208.231","4"
"2026-02-03","151","京MQJ320","张家口2线","8","10.0","22.0","155.0","17.0","20.0","0.708397","391.002","0"
"2026-02-03","156","京A0VW61","承德1线","8","8.0","20.0","143.0","21.0","8.0","0.663647","601.931","0"
"2026-02-03","157","京JLN188","承德2线","9","9.0","19.0","105.0","13.0","9.0","0.501812","554.87","0"
"2026-02-04","150","京A7JH28","张家口1线","9","0.0","0.0","0.0","15.0","6.0","0.140789","208.231","4"
"2026-02-04","151","京MQJ320","张家口2线","8","19.0","15.0","70.0","18.0","11.0","0.494419","391.002","0"
"2026-02-04","156","京A0VW61","承德1线","8","22.0","27.0","90.0","17.0","7.0","0.574263","601.931","0"
"2026-02-04","157","京JLN188","承德2线","9","13.0","17.0","63.0","11.0","6.0","0.380784","554.87","0"
"2026-02-05","150","京A7JH28","张家口1线","9","0.0","0.0","0.0","24.0","4.0","0.210526","208.231","4"
"2026-02-05","151","京MQJ320","张家口2线","8","10.0","14.0","136.0","12.0","4.0","0.553572","391.002","0"
"2026-02-05","156","京A0VW61","承德1线","8","9.0","29.0","127.0","18.0","2.0","0.609268","230.352","0"
"2026-02-05","157","京JLN188","承德2线","9","8.0","17.0","117.0","13.0","0.0","0.499612","394.442","0"
"2026-02-06","150","京A7JH28","张家口1线","9","0.0","0.0","0.0","27.0","9.0","0.248684","208.231","4"
"2026-02-06","151","京MQJ320","张家口2线","8","22.0","14.0","103.0","14.0","5.0","0.543999","391.002","0"
"2026-02-06","156","京A0VW61","承德1线","8","15.0","24.0","126.0","17.0","5.0","0.622025","230.352","0"
"2026-02-06","157","京JLN188","承德2线","9","19.0","19.0","79.0","12.0","3.0","0.457577","394.442","0"
"2026-02-07","150","京A7JH28","张家口1线","9","0.0","0.0","0.0","23.0","42.0","0.302193","263.335","4"
"2026-02-07","151","京MQJ320","张家口2线","8","13.0","31.0","158.0","15.0","10.0","0.711486","308.952","0"
"2026-02-07","156","京A0VW61","承德1线","8","7.0","23.0","145.0","18.0","6.0","0.641711","596.256","0"
"2026-02-07","157","京JLN188","承德2线","9","12.0","23.0","127.0","20.0","9.0","0.643059","563.15","0"
"2026-02-09","150","京A7JH28","张家口1线","11","0.0","0.0","0.0","33.0","7.0","0.293421","212.101","4"
"2026-02-09","151","京MQJ320","张家口2线","8","34.0","25.0","193.0","14.0","8.0","0.875655","391.002","0"
"2026-02-09","156","京A0VW61","承德1线","8","39.0","54.0","210.0","10.0","6.0","0.982265","237.103","0"
"2026-02-09","157","京JLN188","承德2线","9","10.0","16.0","75.0","20.0","0.0","0.45445","562.186","0"
"2026-02-10","150","京A7JH28","张家口1线","9","0.0","0.0","0.0","21.0","22.0","0.232895","208.231","4"
"2026-02-10","151","京MQJ320","张家口2线","8","13.0","27.0","185.0","15.0","14.0","0.782539","391.002","0"
"2026-02-10","156","京A0VW61","承德1线","8","11.0","20.0","180.0","13.0","2.0","0.693052","254.986","0"
"2026-02-10","157","京JLN188","承德2线","9","10.0","26.0","224.0","15.0","5.0","0.844362","562.186","0"
"2026-02-11","150","京A7JH28","张家口1线","9","0.0","0.0","0.0","19.0","12.0","0.189912","208.231","4"
"2026-02-11","151","京MQJ320","张家口2线","8","15.0","31.0","125.0","10.0","6.0","0.582113","391.002","0"
"2026-02-11","156","京A0VW61","承德1线","8","14.0","25.0","89.0","13.0","5.0","0.489124","254.986","0"
"2026-02-11","157","京JLN188","承德2线","9","14.0","23.0","125.0","16.0","2.0","0.595703","562.186","0"
"2026-02-12","150","京A7JH28","张家口1线","9","0.0","0.0","0.0","21.0","13.0","0.209211","208.231","4"
"2026-02-12","151","京MQJ320","张家口2线","8","11.0","20.0","182.0","16.0","9.0","0.741737","391.002","0"
"2026-02-12","156","京A0VW61","承德1线","8","9.0","24.0","146.0","14.0","0.0","0.607513","254.986","0"
"2026-02-12","157","京JLN188","承德2线","9","11.0","28.0","143.0","17.0","7.0","0.663228","562.186","0"
"2026-02-13","150","京A7JH28","张家口1线","9","0.0","0.0","0.0","28.0","13.0","0.267544","208.231","4"
"2026-02-13","151","京MQJ320","张家口2线","8","19.0","25.0","107.0","14.0","7.0","0.574244","391.002","0"
"2026-02-13","156","京A0VW61","承德1线","8","14.0","25.0","105.0","15.0","1.0","0.53737","254.986","0"
"2026-02-13","157","京JLN188","承德2线","9","18.0","37.0","165.0","23.0","5.0","0.82336","562.186","0"
"2026-02-14","150","京A7JH28","张家口1线","4","0.0","0.0","0.0","18.0","14.0","0.186842","0.0","4"
"2026-02-14","151","京MQJ320","张家口2线","8","11.0","21.0","149.0","27.0","10.0","0.751824","308.952","0"
"2026-02-14","156","京A0VW61","承德1线","7","9.0","16.0","132.0","16.0","11.0","0.595233","245.047","0"
"2026-02-14","157","京JLN188","承德2线","7","10.0","29.0","156.0","17.0","14.0","0.71366","380.81","0"
"2026-02-16","150","京A7JH28","张家口1线","9","0.0","0.0","0.0","33.0","27.0","0.346053","208.231","4"
"2026-02-16","151","京MQJ320","张家口2线","8","27.0","11.0","183.0","28.0","14.0","0.911137","391.002","0"
"2026-02-16","156","京A0VW61","承德1线","8","25.0","11.0","155.0","23.0","7.0","0.767703","254.986","0"
"2026-02-16","157","京JLN188","承德2线","9","23.0","15.0","115.0","21.0","3.0","0.636111","562.186","0"
"2026-02-17","150","京A7JH28","张家口1线","9","0.0","0.0","0.0","27.0","10.0","0.251316","208.231","4"
"2026-02-17","151","京MQJ320","张家口2线","8","6.0","17.0","108.0","27.0","7.0","0.601354","391.002","0"
"2026-02-17","156","京A0VW61","承德1线","9","8.0","13.0","114.0","24.0","9.0","0.596542","279.025","0"
"2026-02-17","157","京JLN188","承德2线","3","2.0","4.0","61.0","5.0","0.0","0.222381","55.189","0"
"2026-02-18","150","京A7JH28","张家口1线","9","0.0","0.0","0.0","21.0","5.0","0.188158","208.231","4"
"2026-02-18","151","京MQJ320","张家口2线","7","32.0","17.0","163.0","25.0","17.0","0.881344","388.101","0"
"2026-02-18","156","京A0VW61","承德1线","7","23.0","13.0","124.0","23.0","5.0","0.676462","262.031","0"
"2026-02-18","157","京JLN188","承德2线","8","29.0","17.0","115.0","21.0","8.0","0.683518","421.834","0"
"2026-02-19","150","京A7JH28","张家口1线","9","0.0","0.0","0.0","24.0","12.0","0.231579","208.231","4"
"2026-02-19","151","京MQJ320","张家口2线","8","6.0","18.0","156.0","20.0","12.0","0.685126","496.138","0"
"2026-02-19","156","京A0VW61","承德1线","9","7.0","23.0","133.0","15.0","7.0","0.587764","610.341","0"
"2026-02-19","157","京JLN188","承德2线","8","7.0","10.0","115.0","14.0","4.0","0.489957","561.519","0"
"2026-02-20","150","京A7JH28","张家口1线","9","0.0","0.0","0.0","27.0","12.0","0.256579","208.231","4"
"2026-02-20","151","京MQJ320","张家口2线","8","14.0","15.0","83.0","23.0","15.0","0.556668","496.138","0"
"2026-02-20","156","京A0VW61","承德1线","9","25.0","17.0","120.0","16.0","5.0","0.62779","610.341","0"
"2026-02-20","157","京JLN188","承德2线","8","18.0","17.0","128.0","24.0","3.0","0.67643","561.519","0"
"2026-02-21","150","京A7JH28","张家口1线","9","0.0","0.0","0.0","29.0","34.0","0.33114","208.231","4"
"2026-02-21","151","京MQJ320","张家口2线","8","14.0","15.0","161.0","24.0","37.0","0.828159","496.138","0"
"2026-02-21","156","京A0VW61","承德1线","7","10.0","20.0","206.0","19.0","17.0","0.846116","242.284","0"
"2026-02-21","157","京JLN188","承德2线","7","8.0","9.0","189.0","22.0","8.0","0.764086","501.779","0"
"2026-02-23","150","京A7JH28","张家口1线","9","0.0","0.0","0.0","36.0","23.0","0.360526","208.231","4"
"2026-02-23","151","京MQJ320","张家口2线","8","14.0","22.0","167.0","27.0","17.0","0.834738","391.002","0"
"2026-02-23","156","京A0VW61","承德1线","7","25.0","27.0","161.0","20.0","13.0","0.816387","254.918","0"
"2026-02-23","157","京JLN188","承德2线","7","24.0","15.0","146.0","17.0","9.0","0.704977","385.123","0"
"2026-02-24","150","京A7JH28","张家口1线","9","0.0","0.0","0.0","20.0","43.0","0.279825","208.231","4"
"2026-02-24","151","京MQJ320","张家口2线","8","9.0","19.0","159.0","11.0","32.0","0.687777","391.002","0"
"2026-02-24","156","京A0VW61","承德1线","8","8.0","16.0","179.0","10.0","33.0","0.721981","230.352","0"
"2026-02-24","157","京JLN188","承德2线","9","9.0","23.0","191.0","17.0","31.0","0.829882","394.442","0"
"2026-02-25","150","京A7JH28","张家口1线","9","0.0","0.0","0.0","15.0","20.0","0.177632","208.231","4"
"2026-02-25","151","京MQJ320","张家口2线","8","16.0","29.0","110.0","14.0","14.0","0.596593","391.002","0"
"2026-02-25","156","京A0VW61","承德1线","8","12.0","30.0","90.0","13.0","10.0","0.50841","230.352","0"
"2026-02-25","157","京JLN188","承德2线","9","20.0","35.0","144.0","17.0","13.0","0.743548","394.442","0"
"2026-02-26","150","京A7JH28","张家口1线","9","0.0","0.0","0.0","23.0","12.0","0.223246","208.231","4"
"2026-02-26","151","京MQJ320","张家口2线","8","9.0","25.0","84.0","13.0","10.0","0.464969","391.002","0"
"2026-02-26","156","京A0VW61","承德1线","8","10.0","14.0","112.0","11.0","3.0","0.47945","230.352","0"
"2026-02-26","157","京JLN188","承德2线","9","8.0","18.0","136.0","16.0","8.0","0.598296","394.442","0"
"2026-02-27","150","京A7JH28","张家口1线","9","0.0","0.0","0.0","19.0","8.0","0.179386","208.231","4"
"2026-02-27","151","京MQJ320","张家口2线","8","11.0","21.0","94.0","14.0","9.0","0.496123","391.002","0"
"2026-02-27","156","京A0VW61","承德1线","8","9.0","24.0","98.0","14.0","1.0","0.483829","230.352","0"
"2026-02-27","157","京JLN188","承德2线","9","24.0","17.0","112.0","18.0","2.0","0.610679","394.442","0"
"2026-02-28","150","京A7JH28","张家口1线","9","0.0","0.0","0.0","18.0","33.0","0.236842","208.231","4"
"2026-02-28","151","京MQJ320","张家口2线","8","11.0","20.0","118.0","17.0","24.0","0.621123","391.002","0"
"2026-02-28","156","京A0VW61","承德1线","8","7.0","22.0","112.0","12.0","25.0","0.552237","230.352","0"
"2026-02-28","157","京JLN188","承德2线","9","13.0","9.0","134.0","17.0","8.0","0.601837","394.442","0"
"2026-03-02","150","京A7JH28","张家口1线","9","0.0","0.0","0.0","19.0","14.0","0.195175","208.231","4"
"2026-03-02","151","京MQJ320","张家口2线","8","17.0","23.0","147.0","19.0","14.0","0.724669","391.002","0"
"2026-03-02","156","京A0VW61","承德1线","8","15.0","27.0","131.0","19.0","8.0","0.667639","230.352","0"
"2026-03-02","157","京JLN188","承德2线","9","14.0","29.0","115.0","12.0","4.0","0.557107","394.442","0"
"2026-03-03","150","京A7JH28","张家口1线","10","0.0","0.0","0.0","18.0","11.0","0.178947","208.231","4"
"2026-03-03","151","京MQJ320","张家口2线","8","8.0","16.0","122.0","10.0","2.0","0.490402","391.002","0"
"2026-03-03","156","京A0VW61","承德1线","8","9.0","21.0","129.0","14.0","6.0","0.570671","230.352","0"
"2026-03-03","157","京JLN188","承德2线","9","9.0","12.0","97.0","11.0","6.0","0.437777","394.442","0"
"2026-03-04","150","京A7JH28","张家口1线","10","0.0","0.0","0.0","17.0","4.0","0.152193","208.231","4"
"2026-03-04","151","京MQJ320","张家口2线","8","9.0","24.0","52.0","14.0","3.0","0.36804","391.002","0"
"2026-03-04","156","京A0VW61","承德1线","8","15.0","24.0","93.0","12.0","4.0","0.490885","230.352","0"
"2026-03-04","157","京JLN188","承德2线","9","14.0","15.0","75.0","10.0","4.0","0.398335","394.442","0"
"2026-03-05","150","京A7JH28","张家口1线","10","0.0","0.0","0.0","17.0","6.0","0.157456","208.231","4"
"2026-03-05","151","京MQJ320","张家口2线","8","12.0","17.0","124.0","11.0","1.0","0.523322","391.002","0"
"2026-03-05","156","京A0VW61","承德1线","8","7.0","23.0","137.0","13.0","2.0","0.568466","230.352","0"
"2026-03-05","157","京JLN188","承德2线","9","10.0","7.0","102.0","11.0","2.0","0.432081","394.442","0"
"2026-03-06","150","京A7JH28","张家口1线","10","0.0","0.0","0.0","24.0","5.0","0.213158","208.231","4"
"2026-03-06","151","京MQJ320","张家口2线","8","19.0","16.0","87.0","15.0","3.0","0.495735","391.002","0"
"2026-03-06","156","京A0VW61","承德1线","8","21.0","21.0","119.0","12.0","4.0","0.580397","230.352","0"
"2026-03-06","157","京JLN188","承德2线","9","12.0","14.0","84.0","12.0","0.0","0.415866","394.442","0"
"2026-03-07","150","京A7JH28","张家口1线","4","0.0","0.0","0.0","24.0","1.0","0.202632","0.0","4"
"2026-03-07","151","京MQJ320","张家口2线","8","12.0","16.0","132.0","19.0","2.0","0.611041","308.952","0"
"2026-03-07","156","京A0VW61","承德1线","8","10.0","21.0","101.0","15.0","1.0","0.496993","596.256","0"
"2026-03-07","157","京JLN188","承德2线","9","7.0","13.0","53.0","9.0","2.0","0.287764","563.15","0"
"2026-03-09","150","京A7JH28","张家口1线","10","0.0","0.0","0.0","19.0","12.0","0.189912","208.231","4"
"2026-03-09","151","京MQJ320","张家口2线","8","22.0","22.0","120.0","20.0","9.0","0.670315","391.002","0"
"2026-03-09","156","京A0VW61","承德1线","8","14.0","28.0","80.0","17.0","8.0","0.514563","230.352","0"
"2026-03-09","157","京JLN188","承德2线","9","18.0","25.0","154.0","24.0","5.0","0.771167","394.442","0"
"2026-03-10","150","京A7JH28","张家口1线","10","0.0","0.0","0.0","17.0","12.0","0.173246","208.231","4"
"2026-03-10","151","京MQJ320","张家口2线","8","12.0","24.0","123.0","18.0","14.0","0.631655","391.002","0"
"2026-03-10","156","京A0VW61","承德1线","8","11.0","15.0","124.0","12.0","10.0","0.545245","230.352","0"
"2026-03-10","157","京JLN188","承德2线","9","13.0","21.0","100.0","17.0","10.0","0.549205","394.442","0"
"2026-03-11","150","京A7JH28","张家口1线","10","0.0","0.0","0.0","19.0","9.0","0.182018","208.231","4"
"2026-03-11","151","京MQJ320","张家口2线","8","13.0","22.0","56.0","14.0","2.0","0.389995","391.002","0"
"2026-03-11","156","京A0VW61","承德1线","8","20.0","28.0","102.0","18.0","6.0","0.604513","230.352","0"
"2026-03-11","157","京JLN188","承德2线","9","17.0","23.0","82.0","14.0","4.0","0.485634","394.442","0"
"2026-03-12","150","京A7JH28","张家口1线","10","0.0","0.0","0.0","20.0","9.0","0.190351","208.231","4"
"2026-03-12","151","京MQJ320","张家口2线","8","12.0","12.0","75.0","11.0","4.0","0.389111","391.002","0"
"2026-03-12","156","京A0VW61","承德1线","8","9.0","11.0","78.0","14.0","7.0","0.412777","230.352","0"
"2026-03-12","157","京JLN188","承德2线","9","10.0","11.0","51.0","8.0","1.0","0.280765","394.442","0"
"2026-03-13","150","京A7JH28","张家口1线","10","0.0","0.0","0.0","21.0","4.0","0.185526","208.231","4"
"2026-03-13","151","京MQJ320","张家口2线","8","13.0","27.0","74.0","16.0","5.0","0.475083","391.002","0"
"2026-03-13","156","京A0VW61","承德1线","8","16.0","28.0","119.0","14.0","1.0","0.583435","230.352","0"
"2026-03-13","157","京JLN188","承德2线","9","13.0","25.0","66.0","10.0","3.0","0.393504","394.442","0"
"2026-03-14","150","京A7JH28","张家口1线","10","0.0","0.0","0.0","27.0","20.0","0.277632","217.658","4"
"2026-03-14","151","京MQJ320","张家口2线","8","7.0","30.0","110.0","17.0","5.0","0.557062","308.952","0"
"2026-03-14","156","京A0VW61","承德1线","8","7.0","25.0","144.0","18.0","4.0","0.63908","596.256","0"
"2026-03-14","157","京JLN188","承德2线","9","9.0","16.0","116.0","18.0","8.0","0.561899","563.15","0"
"2026-03-16","150","京A7JH28","张家口1线","10","0.0","0.0","0.0","20.0","8.0","0.187719","208.231","4"
"2026-03-16","151","京MQJ320","张家口2线","8","20.0","25.0","127.0","22.0","8.0","0.701004","391.002","0"
"2026-03-16","156","京A0VW61","承德1线","8","21.0","22.0","179.0","21.0","10.0","0.831712","230.352","0"
"2026-03-16","157","京JLN188","承德2线","9","12.0","22.0","93.0","18.0","1.0","0.513234","394.442","0"
"2026-03-17","150","京A7JH28","张家口1线","10","0.0","0.0","0.0","14.0","30.0","0.195614","208.231","4"
"2026-03-17","151","京MQJ320","张家口2线","8","10.0","25.0","148.0","15.0","19.0","0.678572","391.002","0"
"2026-03-17","156","京A0VW61","承德1线","8","10.0","21.0","113.0","17.0","24.0","0.605765","230.352","0"
"2026-03-17","157","京JLN188","承德2线","9","9.0","21.0","174.0","17.0","17.0","0.74304","394.442","0"
"2026-03-18","150","京A7JH28","张家口1线","10","0.0","0.0","0.0","17.0","2.0","0.14693","208.231","4"
"2026-03-18","151","京MQJ320","张家口2线","8","16.0","25.0","77.0","13.0","5.0","0.467207","391.002","0"
"2026-03-18","156","京A0VW61","承德1线","8","17.0","24.0","69.0","16.0","3.0","0.468091","230.352","0"
"2026-03-18","157","京JLN188","承德2线","9","18.0","18.0","122.0","14.0","3.0","0.579939","394.442","0"
"2026-03-19","150","京A7JH28","张家口1线","10","0.0","0.0","0.0","13.0","20.0","0.160965","208.231","4"
"2026-03-19","151","京MQJ320","张家口2线","8","4.0","20.0","111.0","11.0","10.0","0.482043","391.002","0"
"2026-03-19","156","京A0VW61","承德1线","8","7.0","17.0","122.0","17.0","9.0","0.564957","230.352","0"
"2026-03-19","157","京JLN188","承德2线","9","8.0","11.0","67.0","9.0","3.0","0.326805","394.442","0"
"2026-03-20","150","京A7JH28","张家口1线","10","0.0","0.0","0.0","18.0","5.0","0.163158","208.231","4"
"2026-03-20","151","京MQJ320","张家口2线","8","12.0","21.0","60.0","10.0","8.0","0.375515","391.002","0"
"2026-03-20","156","京A0VW61","承德1线","8","22.0","23.0","112.0","14.0","6.0","0.593999","230.352","0"
"2026-03-20","157","京JLN188","承德2线","9","9.0","17.0","58.0","13.0","7.0","0.367601","394.442","0"
"2026-03-21","150","京A7JH28","张家口1线","10","0.0","0.0","0.0","22.0","10.0","0.209649","217.658","4"
"2026-03-21","151","京MQJ320","张家口2线","8","6.0","22.0","113.0","17.0","10.0","0.552231","308.952","0"
"2026-03-21","156","京A0VW61","承德1线","8","8.0","21.0","123.0","18.0","3.0","0.575489","596.256","0"
"2026-03-21","157","京JLN188","承德2线","9","8.0","12.0","119.0","18.0","5.0","0.546542","563.15","0"
"2026-03-23","150","京A7JH28","张家口1线","7","17.0","15.0","89.0","18.0","7.0","0.524231","260.505","0"
"2026-03-23","151","京MQJ320","张家口2线","8","18.0","19.0","115.0","20.0","4.0","0.616781","391.002","0"
"2026-03-23","156","京A0VW61","承德1线","8","23.0","18.0","127.0","17.0","5.0","0.647515","230.352","0"
"2026-03-23","157","京JLN188","承德2线","9","21.0","21.0","129.0","19.0","9.0","0.678204","394.442","0"
"2026-03-24","150","京A7JH28","张家口1线","7","6.0","17.0","147.0","15.0","12.0","0.617143","260.505","0"
"2026-03-24","151","京MQJ320","张家口2线","8","6.0","20.0","154.0","12.0","10.0","0.613196","391.002","0"
"2026-03-24","156","京A0VW61","承德1线","8","9.0","16.0","102.0","14.0","6.0","0.486461","230.352","0"
"2026-03-24","157","京JLN188","承德2线","9","9.0","14.0","139.0","12.0","7.0","0.564531","394.442","0"
"2026-03-25","150","京A7JH28","张家口1线","7","12.0","18.0","68.0","13.0","5.0","0.405778","260.505","0"
"2026-03-25","151","京MQJ320","张家口2线","8","14.0","24.0","95.0","13.0","6.0","0.504914","391.002","0"
"2026-03-25","156","京A0VW61","承德1线","8","23.0","20.0","126.0","13.0","6.0","0.619444","230.352","0"
"2026-03-25","157","京JLN188","承德2线","9","22.0","18.0","112.0","13.0","3.0","0.564614","394.442","0"
"2026-03-26","150","京A7JH28","张家口1线","7","7.0","14.0","77.0","11.0","10.0","0.391273","260.505","0"
"2026-03-26","151","京MQJ320","张家口2线","8","4.0","14.0","108.0","10.0","0.0","0.42371","391.002","0"
"2026-03-26","156","京A0VW61","承德1线","8","7.0","15.0","116.0","8.0","0.0","0.44522","230.352","0"
"2026-03-26","157","京JLN188","承德2线","9","8.0","12.0","100.0","12.0","1.0","0.436016","394.442","0"
"2026-03-27","150","京A7JH28","张家口1线","7","14.0","24.0","102.0","14.0","10.0","0.542194","260.505","0"
"2026-03-27","151","京MQJ320","张家口2线","8","14.0","14.0","48.0","11.0","8.0","0.34351","391.002","0"
"2026-03-27","156","京A0VW61","承德1线","8","15.0","28.0","87.0","19.0","5.0","0.546587","230.352","0"
"2026-03-27","157","京JLN188","承德2线","9","22.0","14.0","124.0","16.0","4.0","0.613298","394.442","0"
"2026-03-28","150","京A7JH28","张家口1线","7","7.0","22.0","106.0","23.0","19.0","0.612325","269.932","0"
"2026-03-28","151","京MQJ320","张家口2线","8","13.0","20.0","129.0","20.0","8.0","0.642626","308.952","0"
"2026-03-28","156","京A0VW61","承德1线","8","9.0","26.0","188.0","20.0","13.0","0.807513","596.256","0"
"2026-03-28","157","京JLN188","承德2线","9","11.0","14.0","169.0","15.0","11.0","0.688666","563.15","0"
"2026-03-30","150","京A7JH28","张家口1线","7","14.0","16.0","153.0","13.0","9.0","0.644387","260.505","0"
"2026-03-30","151","京MQJ320","张家口2线","8","22.0","28.0","164.0","20.0","8.0","0.799263","391.002","0"
"2026-03-30","156","京A0VW61","承德1线","7","17.0","22.0","181.0","17.0","7.0","0.776424","230.092","0"
"2026-03-30","157","京JLN188","承德2线","10","21.0","21.0","167.0","19.0","15.0","0.793993","570.795","0"
"2026-03-31","150","京A7JH28","张家口1线","7","8.0","30.0","134.0","13.0","16.0","0.620665","260.505","0"
"2026-03-31","151","京MQJ320","张家口2线","8","9.0","29.0","152.0","13.0","15.0","0.667601","391.002","0"
"2026-03-31","156","京A0VW61","承德1线","8","11.0","27.0","89.0","18.0","12.0","0.539982","583.848","0"
"2026-03-31","157","京JLN188","承德2线","9","10.0","16.0","174.0","16.0","17.0","0.726379","394.442","0"
"2026-04-01","150","京A7JH28","张家口1线","7","14.0","32.0","72.0","9.0","12.0","0.447896","260.505","0"
"2026-04-01","151","京MQJ320","张家口2线","8","11.0","37.0","122.0","10.0","8.0","0.575947","391.002","0"
"2026-04-01","156","京A0VW61","承德1线","8","10.0","48.0","99.0","9.0","15.0","0.549625","583.848","0"
"2026-04-01","157","京JLN188","承德2线","9","17.0","51.0","130.0","8.0","5.0","0.638266","394.442","0"
"2026-04-02","150","京A7JH28","张家口1线","7","12.0","12.0","86.0","11.0","3.0","0.415427","260.505","0"
"2026-04-02","151","京MQJ320","张家口2线","8","9.0","15.0","82.0","14.0","4.0","0.425934","391.002","0"
"2026-04-02","156","京A0VW61","承德1线","8","11.0","11.0","114.0","10.0","0.0","0.465421","583.848","0"
"2026-04-02","157","京JLN188","承德2线","9","12.0","16.0","90.0","13.0","3.0","0.453146","394.442","0"
"2026-04-03","150","京A7JH28","张家口1线","7","11.0","21.0","68.0","12.0","10.0","0.413666","260.505","0"
"2026-04-03","151","京MQJ320","张家口2线","8","13.0","22.0","69.0","14.0","1.0","0.421574","391.002","0"
"2026-04-03","156","京A0VW61","承德1线","8","16.0","20.0","111.0","13.0","1.0","0.532996","583.848","0"
"2026-04-03","157","京JLN188","承德2线","9","17.0","30.0","131.0","18.0","5.0","0.668968","394.442","0"
"2026-04-04","150","京A7JH28","张家口1线","7","8.0","17.0","120.0","21.0","12.0","0.605753","269.932","0"
"2026-04-04","151","京MQJ320","张家口2线","8","9.0","20.0","96.0","18.0","4.0","0.509268","308.952","0"
"2026-04-04","156","京A0VW61","承德1线","8","13.0","12.0","165.0","16.0","12.0","0.693504","596.256","0"
"2026-04-04","157","京JLN188","承德2线","9","14.0","20.0","184.0","24.0","38.0","0.904475","563.15","0"
"2026-04-06","150","京A7JH28","张家口1线","7","14.0","16.0","108.0","16.0","6.0","0.543071","269.932","0"
"2026-04-06","151","京MQJ320","张家口2线","8","26.0","28.0","170.0","23.0","15.0","0.877797","308.952","0"
"2026-04-06","156","京A0VW61","承德1线","7","17.0","21.0","151.0","19.0","11.0","0.722038","592.969","0"
"2026-04-06","157","京JLN188","承德2线","9","23.0","18.0","141.0","16.0","7.0","0.681287","563.15","0"
"2026-04-07","150","京A7JH28","张家口1线","7","9.0","16.0","121.0","11.0","30.0","0.574619","260.505","0"
"2026-04-07","151","京MQJ320","张家口2线","8","18.0","25.0","158.0","13.0","44.0","0.792658","391.002","0"
"2026-04-07","156","京A0VW61","承德1线","8","12.0","17.0","138.0","10.0","30.0","0.628146","583.848","0"
"2026-04-07","157","京JLN188","承德2线","9","11.0","25.0","142.0","17.0","26.0","0.702702","394.442","0"
"2026-04-08","150","京A7JH28","张家口1线","7","7.0","26.0","72.0","10.0","3.0","0.382939","260.505","0"
"2026-04-08","151","京MQJ320","张家口2线","8","13.0","32.0","77.0","11.0","9.0","0.464995","391.002","0"
"2026-04-08","156","京A0VW61","承德1线","8","14.0","35.0","92.0","14.0","6.0","0.5343","583.848","0"
"2026-04-08","157","京JLN188","承德2线","9","31.0","49.0","148.0","11.0","3.0","0.767741","394.442","0"
