鬠ｿ"delivery_date","route_id","vehicle_id_list","route_name","store_count","sum_ambient_turnover_boxes","sum_ambient_cartons","sum_ambient_full_cases","sum_frozen_bags","sum_frozen_cartons","route_load_w1","trip_distance_km_one_way","missing_segment_count"
"2025-11-08","125","莠ｬHJH201","蟷ｳ隹ｷ","3","4.0","10.0","59.0","12.0","1.0","0.303534","139.203","0"
"2025-11-08","126","莠ｬLEP368","螟ｧ蜈ｴ郤ｿ","5","3.0","15.0","116.0","14.0","2.0","0.481159","117.841","0"
"2025-11-08","127","莠ｬN7MR82","謌ｿ螻ｱ郤ｿ","6","6.0","15.0","108.0","12.0","2.0","0.457933","173.957","0"
"2025-11-08","128","莠ｬEQB022","辯暮リ郤ｿ","7","7.0","21.0","89.0","15.0","6.0","0.46408","239.954","0"
"2025-11-10","125","莠ｬHJH201","蟷ｳ隹ｷ郤ｿ","3","14.0","11.0","87.0","9.0","4.0","0.411054","139.203","0"
"2025-11-10","126","莠ｬLEP368","螟ｧ蜈ｴ郤ｿ","5","22.0","15.0","104.0","13.0","3.0","0.535666","117.841","0"
"2025-11-10","127","莠ｬN7MR82","謌ｿ螻ｱ郤ｿ","6","25.0","27.0","119.0","14.0","2.0","0.626913","107.381","0"
"2025-11-10","128","莠ｬEQB022","辯暮リ郤ｿ","7","15.0","19.0","75.0","13.0","2.0","0.433429","147.786","0"
"2025-11-11","125","莠ｬHJH201","蟷ｳ隹ｷ郤ｿ","3","3.0","5.0","78.0","11.0","2.0","0.329844","139.203","0"
"2025-11-11","126","莠ｬLEP368","螟ｧ蜈ｴ郤ｿ","5","4.0","10.0","110.0","11.0","7.0","0.445201","117.841","0"
"2025-11-11","127","莠ｬN7MR82","謌ｿ螻ｱ郤ｿ","6","9.0","10.0","109.0","16.0","2.0","0.495233","107.381","0"
"2025-11-11","128","莠ｬEQB022","辯暮リ郤ｿ","7","9.0","15.0","160.0","17.0","1.0","0.648303","147.786","0"
"2025-11-12","125","莠ｬHJH201","蟷ｳ隹ｷ郤ｿ","3","11.0","8.0","38.0","8.0","0.0","0.240859","139.203","0"
"2025-11-12","126","莠ｬLEP368","螟ｧ蜈ｴ郤ｿ","5","18.0","11.0","68.0","10.0","0.0","0.378185","117.841","0"
"2025-11-12","127","莠ｬN7MR82","謌ｿ螻ｱ郤ｿ","6","18.0","22.0","84.0","17.0","0.0","0.507571","107.381","0"
"2025-11-12","128","莠ｬEQB022","辯暮リ郤ｿ","7","18.0","17.0","54.0","14.0","0.0","0.390465","147.786","0"
"2025-11-13","125","莠ｬHJH201","蟷ｳ隹ｷ郤ｿ","3","3.0","6.0","53.0","6.0","0.0","0.219756","139.203","0"
"2025-11-13","126","莠ｬLEP368","螟ｧ蜈ｴ郤ｿ","5","6.0","7.0","89.0","6.0","2.0","0.33688","117.841","0"
"2025-11-13","127","莠ｬN7MR82","謌ｿ螻ｱ郤ｿ","6","5.0","13.0","117.0","15.0","1.0","0.493891","107.381","0"
"2025-11-13","128","莠ｬEQB022","辯暮リ郤ｿ","7","7.0","12.0","91.0","13.0","1.0","0.415834","147.786","0"
"2025-11-14","125","莠ｬHJH201","蟷ｳ隹ｷ郤ｿ","3","10.0","5.0","32.0","5.0","1.0","0.189976","139.203","0"
"2025-11-14","126","莠ｬLEP368","螟ｧ蜈ｴ郤ｿ","5","24.0","22.0","106.0","12.0","3.0","0.560679","117.841","0"
"2025-11-14","127","莠ｬN7MR82","謌ｿ螻ｱ郤ｿ","6","19.0","26.0","114.0","13.0","0.0","0.568542","107.381","0"
"2025-11-14","128","莠ｬEQB022","辯暮リ郤ｿ","7","16.0","11.0","67.0","14.0","3.0","0.407119","147.786","0"
"2025-11-15","125","莠ｬHJH201","蟷ｳ隹ｷ","3","3.0","14.0","85.0","11.0","4.0","0.377212","139.203","0"
"2025-11-15","126","莠ｬLEP368","螟ｧ蜈ｴ郤ｿ","5","9.0","10.0","120.0","13.0","3.0","0.501812","117.841","0"
"2025-11-15","127","莠ｬN7MR82","謌ｿ螻ｱ郤ｿ","6","6.0","16.0","139.0","12.0","1.0","0.539512","173.957","0"
"2025-11-15","128","莠ｬEQB022","辯暮リ郤ｿ","7","10.0","19.0","59.0","12.0","2.0","0.358835","239.954","0"
"2025-11-17","125","莠ｬHJH201","蟷ｳ隹ｷ郤ｿ","3","10.0","14.0","63.0","7.0","0.0","0.309274","139.203","0"
"2025-11-17","126","莠ｬLEP368","螟ｧ蜈ｴ郤ｿ","5","25.0","19.0","135.0","12.0","3.0","0.633931","117.841","0"
"2025-11-17","127","莠ｬN7MR82","謌ｿ螻ｱ郤ｿ","6","25.0","24.0","174.0","15.0","4.0","0.777352","107.381","0"
"2025-11-17","128","莠ｬEQB022","辯暮リ郤ｿ","7","15.0","17.0","110.0","17.0","2.0","0.553604","147.786","0"
"2025-11-18","125","莠ｬHJH201","蟷ｳ隹ｷ郤ｿ","3","4.0","9.0","79.0","8.0","5.0","0.330727","139.203","0"
"2025-11-18","126","莠ｬLEP368","螟ｧ蜈ｴ郤ｿ","5","6.0","11.0","117.0","11.0","0.0","0.457494","117.841","0"
"2025-11-18","127","莠ｬN7MR82","謌ｿ螻ｱ郤ｿ","6","8.0","17.0","175.0","16.0","0.0","0.677244","107.381","0"
"2025-11-18","128","莠ｬEQB022","辯暮リ郤ｿ","7","9.0","16.0","184.0","18.0","2.0","0.725057","147.786","0"
"2025-11-19","125","莠ｬHJH201","蟷ｳ隹ｷ郤ｿ","3","10.0","9.0","87.0","8.0","1.0","0.370239","139.203","0"
"2025-11-19","126","莠ｬLEP368","螟ｧ蜈ｴ郤ｿ","5","14.0","12.0","62.0","9.0","0.0","0.33737","117.841","0"
"2025-11-19","127","莠ｬN7MR82","謌ｿ螻ｱ郤ｿ","6","18.0","24.0","92.0","12.0","1.0","0.494851","107.381","0"
"2025-11-19","128","莠ｬEQB022","辯暮リ郤ｿ","7","14.0","16.0","87.0","11.0","1.0","0.432984","147.786","0"
"2025-11-20","125","莠ｬHJH201","蟷ｳ隹ｷ郤ｿ","3","6.0","8.0","47.0","3.0","2.0","0.203986","139.203","0"
"2025-11-20","126","莠ｬLEP368","螟ｧ蜈ｴ郤ｿ","5","8.0","9.0","99.0","9.0","0.0","0.397858","117.841","0"
"2025-11-20","127","莠ｬN7MR82","謌ｿ螻ｱ郤ｿ","6","15.0","7.0","139.0","14.0","1.0","0.575973","107.381","0"
"2025-11-20","128","莠ｬEQB022","辯暮リ郤ｿ","7","11.0","13.0","86.0","11.0","3.0","0.413228","147.786","0"
"2025-11-21","125","莠ｬHJH201","蟷ｳ隹ｷ郤ｿ","3","14.0","14.0","45.0","9.0","0.0","0.297896","139.203","0"
"2025-11-21","126","莠ｬLEP368","螟ｧ蜈ｴ郤ｿ","5","21.0","21.0","93.0","12.0","5.0","0.514607","117.841","0"
"2025-11-21","127","莠ｬN7MR82","謌ｿ螻ｱ郤ｿ","6","18.0","21.0","119.0","14.0","0.0","0.572044","107.381","0"
"2025-11-21","128","莠ｬEQB022","辯暮リ郤ｿ","7","11.0","19.0","95.0","18.0","3.0","0.511035","147.786","0"
"2025-11-22","125","莠ｬHJH201","蟷ｳ隹ｷ","3","6.0","4.0","88.0","11.0","3.0","0.370652","139.203","0"
"2025-11-22","126","莠ｬLEP368","螟ｧ蜈ｴ郤ｿ","5","6.0","12.0","117.0","10.0","1.0","0.454424","117.841","0"
"2025-11-22","127","莠ｬN7MR82","謌ｿ螻ｱ郤ｿ","6","9.0","13.0","117.0","13.0","2.0","0.49918","173.957","0"
"2025-11-22","128","莠ｬEQB022","辯暮リ郤ｿ","7","7.0","17.0","128.0","17.0","1.0","0.559694","239.954","0"
"2025-11-24","125","莠ｬHJH201","蟷ｳ隹ｷ郤ｿ","3","10.0","9.0","64.0","5.0","3.0","0.289976","139.203","0"
"2025-11-24","126","莠ｬLEP368","螟ｧ蜈ｴ郤ｿ","5","14.0","36.0","89.0","10.0","7.0","0.498335","117.841","0"
"2025-11-24","127","莠ｬN7MR82","謌ｿ螻ｱ郤ｿ","6","22.0","22.0","154.0","17.0","4.0","0.721631","107.381","0"
"2025-11-24","128","莠ｬEQB022","辯暮リ郤ｿ","7","12.0","16.0","74.0","21.0","2.0","0.475076","147.786","0"
"2025-11-25","125","莠ｬHJH201","蟷ｳ隹ｷ郤ｿ","3","4.0","11.0","59.0","11.0","2.0","0.300464","139.203","0"
"2025-11-25","126","莠ｬLEP368","螟ｧ蜈ｴ郤ｿ","5","6.0","11.0","108.0","13.0","3.0","0.458371","117.841","0"
"2025-11-25","127","莠ｬN7MR82","謌ｿ螻ｱ郤ｿ","6","10.0","12.0","167.0","21.0","1.0","0.696993","107.381","0"
"2025-11-25","128","莠ｬEQB022","辯暮リ郤ｿ","7","7.0","8.0","166.0","16.0","2.0","0.630308","147.786","0"
"2025-11-26","125","莠ｬHJH201","蟷ｳ隹ｷ郤ｿ","3","9.0","11.0","43.0","7.0","4.0","0.254443","139.203","0"
"2025-11-26","126","莠ｬLEP368","螟ｧ蜈ｴ郤ｿ","5","19.0","16.0","93.0","10.0","8.0","0.483016","117.841","0"
"2025-11-26","127","莠ｬN7MR82","謌ｿ螻ｱ郤ｿ","6","16.0","22.0","84.0","13.0","0.0","0.464575","107.381","0"
"2025-11-26","128","莠ｬEQB022","辯暮リ郤ｿ","7","23.0","13.0","90.0","19.0","5.0","0.553655","147.786","0"
"2025-11-27","125","莠ｬHJH201","蟷ｳ隹ｷ郤ｿ","3","3.0","18.0","45.0","5.0","2.0","0.227212","139.203","0"
"2025-11-27","126","莠ｬLEP368","螟ｧ蜈ｴ郤ｿ","5","5.0","10.0","79.0","11.0","1.0","0.352663","117.841","0"
"2025-11-27","127","莠ｬN7MR82","謌ｿ螻ｱ郤ｿ","6","8.0","13.0","139.0","14.0","1.0","0.557946","107.381","0"
"2025-11-27","128","莠ｬEQB022","辯暮リ郤ｿ","7","7.0","17.0","70.0","10.0","0.0","0.346097","147.786","0"
"2025-11-28","125","莠ｬHJH201","蟷ｳ隹ｷ郤ｿ","3","11.0","13.0","35.0","6.0","0.0","0.229456","139.203","0"
"2025-11-28","126","莠ｬLEP368","螟ｧ蜈ｴ郤ｿ","5","18.0","10.0","83.0","9.0","2.0","0.411957","117.841","0"
"2025-11-28","127","莠ｬN7MR82","謌ｿ螻ｱ郤ｿ","6","21.0","18.0","102.0","16.0","1.0","0.553204","107.381","0"
"2025-11-28","128","莠ｬEQB022","辯暮リ郤ｿ","7","14.0","14.0","54.0","16.0","0.0","0.379914","147.786","0"
"2025-11-29","125","莠ｬHJH201","蟷ｳ隹ｷ","3","3.0","11.0","73.0","14.0","0.0","0.352212","139.203","0"
"2025-11-29","126","莠ｬLEP368","螟ｧ蜈ｴ郤ｿ","5","7.0","10.0","133.0","17.0","4.0","0.562325","117.841","0"
"2025-11-29","127","莠ｬN7MR82","謌ｿ螻ｱ郤ｿ","6","8.0","12.0","106.0","15.0","0.0","0.474174","173.957","0"
"2025-11-29","128","莠ｬEQB022","辯暮リ郤ｿ","7","7.0","13.0","58.0","11.0","0.0","0.312325","239.954","0"
"2025-12-01","125","莠ｬHJH201","蟷ｳ隹ｷ郤ｿ","3","11.0","14.0","72.0","12.0","4.0","0.389982","139.203","0"
"2025-12-01","126","莠ｬLEP368","螟ｧ蜈ｴ郤ｿ","5","24.0","21.0","109.0","8.0","5.0","0.537872","117.841","0"
"2025-12-01","127","莠ｬN7MR82","謌ｿ螻ｱ郤ｿ","6","23.0","24.0","144.0","16.0","1.0","0.689181","107.381","0"
"2025-12-01","128","莠ｬEQB022","辯暮リ郤ｿ","7","12.0","19.0","91.0","15.0","2.0","0.477708","147.786","0"
"2025-12-02","125","莠ｬHJH201","蟷ｳ隹ｷ郤ｿ","3","4.0","7.0","88.0","8.0","3.0","0.343885","139.203","0"
"2025-12-02","126","莠ｬLEP368","螟ｧ蜈ｴ郤ｿ","5","4.0","10.0","152.0","11.0","4.0","0.547832","117.841","0"
"2025-12-02","127","莠ｬN7MR82","謌ｿ螻ｱ郤ｿ","6","9.0","14.0","173.0","16.0","4.0","0.679443","107.381","0"
"2025-12-02","128","莠ｬEQB022","辯暮リ郤ｿ","7","7.0","24.0","121.0","13.0","2.0","0.528992","147.786","0"
"2025-12-03","125","莠ｬHJH201","蟷ｳ隹ｷ郤ｿ","3","8.0","7.0","52.0","7.0","1.0","0.254875","139.203","0"
"2025-12-03","126","莠ｬLEP368","螟ｧ蜈ｴ郤ｿ","5","16.0","16.0","86.0","10.0","3.0","0.436944","117.841","0"
"2025-12-03","127","莠ｬN7MR82","謌ｿ螻ｱ郤ｿ","6","20.0","19.0","114.0","15.0","1.0","0.57425","107.381","0"
"2025-12-03","128","莠ｬEQB022","辯暮リ郤ｿ","7","11.0","20.0","47.0","12.0","3.0","0.337351","147.786","0"
"2025-12-04","125","莠ｬHJH201","蟷ｳ隹ｷ郤ｿ","3","3.0","10.0","85.0","6.0","0.0","0.314493","139.203","0"
"2025-12-04","126","莠ｬLEP368","螟ｧ蜈ｴ郤ｿ","5","6.0","14.0","85.0","9.0","1.0","0.367143","117.841","0"
"2025-12-04","127","莠ｬN7MR82","謌ｿ螻ｱ郤ｿ","6","8.0","14.0","108.0","15.0","0.0","0.4847","107.381","0"
"2025-12-04","128","莠ｬEQB022","辯暮リ郤ｿ","7","10.0","12.0","85.0","14.0","1.0","0.422871","147.786","0"
"2025-12-05","125","莠ｬHJH201","蟷ｳ隹ｷ郤ｿ","3","11.0","7.0","45.0","10.0","1.0","0.275947","139.203","0"
"2025-12-05","126","莠ｬLEP368","螟ｧ蜈ｴ郤ｿ","5","18.0","18.0","67.0","13.0","0.0","0.418974","117.841","0"
"2025-12-05","127","莠ｬN7MR82","謌ｿ螻ｱ郤ｿ","6","17.0","18.0","96.0","13.0","0.0","0.490459","107.381","0"
"2025-12-05","128","莠ｬEQB022","辯暮リ郤ｿ","7","14.0","12.0","52.0","11.0","1.0","0.330352","147.786","0"
"2025-12-06","125","莠ｬHJH201","蟷ｳ隹ｷ","3","5.0","4.0","63.0","9.0","3.0","0.283365","139.203","0"
"2025-12-06","126","莠ｬLEP368","螟ｧ蜈ｴ郤ｿ","5","4.0","16.0","133.0","13.0","1.0","0.522394","117.841","0"
"2025-12-06","127","莠ｬN7MR82","謌ｿ螻ｱ郤ｿ","6","6.0","15.0","103.0","11.0","2.0","0.436442","173.957","0"
"2025-12-06","128","莠ｬEQB022","辯暮リ郤ｿ","7","7.0","16.0","82.0","12.0","3.0","0.399606","239.954","0"
"2025-12-08","125","莠ｬHJH201","蟷ｳ隹ｷ郤ｿ","3","13.0","8.0","75.0","8.0","6.0","0.363679","139.203","0"
"2025-12-08","126","莠ｬLEP368","螟ｧ蜈ｴ郤ｿ","5","20.0","12.0","65.0","9.0","13.0","0.40846","117.841","0"
"2025-12-08","127","莠ｬN7MR82","謌ｿ螻ｱ郤ｿ","6","24.0","21.0","127.0","17.0","0.0","0.647082","107.381","0"
"2025-12-08","128","莠ｬEQB022","辯暮リ郤ｿ","7","17.0","11.0","94.0","12.0","2.0","0.463705","147.786","0"
"2025-12-09","125","莠ｬHJH201","蟷ｳ隹ｷ郤ｿ","3","5.0","8.0","81.0","7.0","6.0","0.332488","139.203","0"
"2025-12-09","126","莠ｬLEP368","螟ｧ蜈ｴ郤ｿ","5","2.0","12.0","129.0","11.0","4.0","0.482907","117.841","0"
"2025-12-09","127","莠ｬN7MR82","謌ｿ螻ｱ郤ｿ","6","7.0","14.0","146.0","17.0","0.0","0.596536","107.381","0"
"2025-12-09","128","莠ｬEQB022","辯暮リ郤ｿ","7","7.0","13.0","108.0","14.0","1.0","0.471536","147.786","0"
"2025-12-10","125","莠ｬHJH201","蟷ｳ隹ｷ郤ｿ","3","12.0","7.0","52.0","5.0","0.0","0.254901","139.203","0"
"2025-12-10","126","莠ｬLEP368","螟ｧ蜈ｴ郤ｿ","5","18.0","13.0","60.0","6.0","3.0","0.336957","117.841","0"
"2025-12-10","127","莠ｬN7MR82","謌ｿ螻ｱ郤ｿ","6","17.0","19.0","96.0","17.0","2.0","0.531687","107.381","0"
"2025-12-10","128","莠ｬEQB022","辯暮リ郤ｿ","7","12.0","15.0","56.0","16.0","4.0","0.388673","147.786","0"
"2025-12-11","125","莠ｬHJH201","蟷ｳ隹ｷ郤ｿ","3","2.0","10.0","66.0","7.0","5.0","0.281153","139.203","0"
"2025-12-11","126","莠ｬLEP368","螟ｧ蜈ｴ郤ｿ","5","3.0","9.0","114.0","10.0","4.0","0.432037","117.841","0"
"2025-12-11","127","莠ｬN7MR82","謌ｿ螻ｱ郤ｿ","6","4.0","14.0","116.0","14.0","0.0","0.478096","107.381","0"
"2025-12-11","128","莠ｬEQB022","辯暮リ郤ｿ","7","7.0","11.0","90.0","14.0","2.0","0.421536","147.786","0"
"2025-12-12","125","莠ｬHJH201","蟷ｳ隹ｷ郤ｿ","3","11.0","7.0","32.0","7.0","1.0","0.216737","139.203","0"
"2025-12-12","126","莠ｬLEP368","螟ｧ蜈ｴ郤ｿ","5","21.0","9.0","57.0","8.0","3.0","0.349695","117.841","0"
"2025-12-12","127","莠ｬN7MR82","謌ｿ螻ｱ郤ｿ","6","19.0","23.0","84.0","12.0","1.0","0.475998","107.381","0"
"2025-12-12","128","莠ｬEQB022","辯暮リ郤ｿ","7","14.0","13.0","71.0","13.0","4.0","0.407545","147.786","0"
"2025-12-13","125","莠ｬHJH201","蟷ｳ隹ｷ","3","4.0","13.0","51.0","10.0","1.0","0.27371","139.203","0"
"2025-12-13","126","莠ｬLEP368","螟ｧ蜈ｴ郤ｿ","5","5.0","17.0","116.0","11.0","4.0","0.476348","117.841","0"
"2025-12-13","127","莠ｬN7MR82","謌ｿ螻ｱ郤ｿ","6","10.0","13.0","133.0","10.0","1.0","0.518485","173.957","0"
"2025-12-13","128","莠ｬEQB022","辯暮リ郤ｿ","7","8.0","12.0","91.0","14.0","2.0","0.43163","239.954","0"
"2025-12-15","125","莠ｬHJH201","蟷ｳ隹ｷ郤ｿ","3","10.0","7.0","57.0","6.0","0.0","0.26673","139.203","0"
"2025-12-15","126","莠ｬLEP368","螟ｧ蜈ｴ郤ｿ","5","16.0","16.0","58.0","10.0","0.0","0.355365","117.841","0"
"2025-12-15","127","莠ｬN7MR82","謌ｿ螻ｱ郤ｿ","6","21.0","13.0","132.0","15.0","1.0","0.61066","107.381","0"
"2025-12-15","128","莠ｬEQB022","辯暮リ郤ｿ","7","11.0","16.0","75.0","18.0","3.0","0.450509","147.786","0"
"2025-12-16","125","莠ｬHJH201","蟷ｳ隹ｷ郤ｿ","3","5.0","12.0","88.0","10.0","4.0","0.381172","139.203","0"
"2025-12-16","126","莠ｬLEP368","螟ｧ蜈ｴ郤ｿ","5","5.0","23.0","105.0","14.0","4.0","0.48819","117.841","0"
"2025-12-16","127","莠ｬN7MR82","謌ｿ螻ｱ郤ｿ","6","13.0","14.0","168.0","19.0","3.0","0.707977","107.381","0"
"2025-12-16","128","莠ｬEQB022","辯暮リ郤ｿ","7","9.0","22.0","126.0","17.0","5.0","0.587777","147.786","0"
"2025-12-17","125","莠ｬHJH201","蟷ｳ隹ｷ郤ｿ","3","10.0","8.0","42.0","9.0","1.0","0.25752","139.203","0"
"2025-12-17","126","莠ｬLEP368","螟ｧ蜈ｴ郤ｿ","5","15.0","9.0","54.0","11.0","4.0","0.340446","117.841","0"
"2025-12-17","127","莠ｬN7MR82","謌ｿ螻ｱ郤ｿ","6","22.0","13.0","72.0","14.0","0.0","0.446631","107.381","0"
"2025-12-17","128","莠ｬEQB022","辯暮リ郤ｿ","7","15.0","12.0","43.0","14.0","0.0","0.333867","147.786","0"
"2025-12-18","125","莠ｬHJH201","蟷ｳ隹ｷ郤ｿ","3","5.0","13.0","68.0","7.0","0.0","0.295646","139.203","0"
"2025-12-18","126","莠ｬLEP368","螟ｧ蜈ｴ郤ｿ","5","3.0","16.0","91.0","7.0","3.0","0.3623","117.841","0"
"2025-12-18","127","莠ｬN7MR82","謌ｿ螻ｱ郤ｿ","6","8.0","19.0","108.0","13.0","1.0","0.483823","107.381","0"
"2025-12-18","128","莠ｬEQB022","辯暮リ郤ｿ","7","8.0","10.0","72.0","17.0","0.0","0.396103","147.786","0"
"2025-12-19","125","莠ｬHJH201","蟷ｳ隹ｷ郤ｿ","3","10.0","10.0","36.0","7.0","0.0","0.227695","139.203","0"
"2025-12-19","126","莠ｬLEP368","螟ｧ蜈ｴ郤ｿ","5","22.0","16.0","75.0","10.0","2.0","0.43435","117.841","0"
"2025-12-19","127","莠ｬN7MR82","謌ｿ螻ｱ郤ｿ","6","17.0","26.0","89.0","13.0","0.0","0.493091","107.381","0"
"2025-12-19","128","莠ｬEQB022","辯暮リ郤ｿ","7","14.0","27.0","68.0","15.0","1.0","0.445264","147.786","0"
"2025-12-20","125","莠ｬHJH201","蟷ｳ隹ｷ","3","3.0","7.0","58.0","12.0","2.0","0.290809","139.203","0"
"2025-12-20","126","莠ｬLEP368","螟ｧ蜈ｴ郤ｿ","5","7.0","18.0","100.0","13.0","5.0","0.465834","117.841","0"
"2025-12-20","127","莠ｬN7MR82","謌ｿ螻ｱ郤ｿ","6","6.0","17.0","143.0","16.0","0.0","0.583371","173.957","0"
"2025-12-20","128","莠ｬEQB022","辯暮リ郤ｿ","7","9.0","31.0","139.0","20.0","3.0","0.665408","239.954","0"
"2025-12-22","125","莠ｬHJH201","蟷ｳ隹ｷ郤ｿ","3","8.0","13.0","93.0","10.0","1.0","0.40356","139.203","0"
"2025-12-22","126","莠ｬLEP368","螟ｧ蜈ｴ郤ｿ","5","23.0","29.0","113.0","11.0","7.0","0.594883","117.841","0"
"2025-12-22","127","莠ｬN7MR82","謌ｿ螻ｱ郤ｿ","6","28.0","28.0","169.0","17.0","2.0","0.800617","107.381","0"
"2025-12-22","128","莠ｬEQB022","辯暮リ郤ｿ","7","13.0","13.0","91.0","15.0","2.0","0.466749","147.786","0"
"2025-12-23","125","莠ｬHJH201","蟷ｳ隹ｷ郤ｿ","3","3.0","13.0","105.0","11.0","9.0","0.44037","139.203","0"
"2025-12-23","126","莠ｬLEP368","螟ｧ蜈ｴ郤ｿ","5","4.0","11.0","167.0","18.0","5.0","0.650903","117.841","0"
"2025-12-23","127","莠ｬN7MR82","謌ｿ螻ｱ郤ｿ","6","6.0","12.0","158.0","16.0","0.0","0.609687","107.381","0"
"2025-12-23","128","莠ｬEQB022","辯暮リ郤ｿ","7","7.0","20.0","137.0","20.0","7.0","0.632062","147.786","0"
"2025-12-24","125","莠ｬHJH201","蟷ｳ隹ｷ郤ｿ","3","15.0","6.0","47.0","7.0","1.0","0.272902","139.203","0"
"2025-12-24","126","莠ｬLEP368","螟ｧ蜈ｴ郤ｿ","5","22.0","12.0","102.0","19.0","3.0","0.572508","117.841","0"
"2025-12-24","127","莠ｬN7MR82","謌ｿ螻ｱ郤ｿ","6","22.0","16.0","83.0","23.0","1.0","0.561105","107.381","0"
"2025-12-24","128","莠ｬEQB022","辯暮リ郤ｿ","7","14.0","15.0","59.0","12.0","4.0","0.372896","147.786","0"
"2025-12-25","125","莠ｬHJH201","蟷ｳ隹ｷ郤ｿ","3","5.0","5.0","66.0","9.0","2.0","0.29126","139.203","0"
"2025-12-25","126","莠ｬLEP368","螟ｧ蜈ｴ郤ｿ","5","5.0","11.0","137.0","13.0","8.0","0.543014","117.841","0"
"2025-12-25","127","莠ｬN7MR82","謌ｿ螻ｱ郤ｿ","6","6.0","12.0","135.0","15.0","0.0","0.540828","107.381","0"
"2025-12-25","128","莠ｬEQB022","辯暮リ郤ｿ","7","7.0","9.0","108.0","12.0","5.0","0.454869","147.786","0"
"2025-12-26","125","莠ｬHJH201","蟷ｳ隹ｷ郤ｿ","3","13.0","3.0","22.0","7.0","1.0","0.189556","139.203","0"
"2025-12-26","126","莠ｬLEP368","螟ｧ蜈ｴ郤ｿ","5","17.0","10.0","46.0","11.0","0.0","0.321161","117.841","0"
"2025-12-26","127","莠ｬN7MR82","謌ｿ螻ｱ郤ｿ","6","20.0","13.0","66.0","13.0","0.0","0.412846","107.381","0"
"2025-12-26","128","莠ｬEQB022","辯暮リ郤ｿ","7","14.0","16.0","66.0","13.0","1.0","0.394387","147.786","0"
"2025-12-27","125","莠ｬHJH201","蟷ｳ隹ｷ","3","4.0","8.0","84.0","6.0","3.0","0.319324","139.203","0"
"2025-12-27","126","莠ｬLEP368","螟ｧ蜈ｴ郤ｿ","5","6.0","14.0","131.0","9.0","1.0","0.488196","117.841","0"
"2025-12-27","127","莠ｬN7MR82","謌ｿ螻ｱ郤ｿ","6","9.0","8.0","105.0","13.0","0.0","0.44918","173.957","0"
"2025-12-27","128","莠ｬEQB022","辯暮リ郤ｿ","7","9.0","12.0","81.0","14.0","1.0","0.407513","239.954","0"
"2025-12-29","125","莠ｬHJH201","蟷ｳ隹ｷ郤ｿ","3","12.0","9.0","76.0","12.0","2.0","0.386918","139.203","0"
"2025-12-29","126","莠ｬLEP368","螟ｧ蜈ｴ郤ｿ","5","20.0","23.0","129.0","15.0","4.0","0.632145","117.841","0"
"2025-12-29","127","莠ｬN7MR82","謌ｿ螻ｱ郤ｿ","6","15.0","19.0","173.0","17.0","0.0","0.719394","107.381","0"
"2025-12-29","128","莠ｬEQB022","辯暮リ郤ｿ","7","8.0","16.0","60.0","16.0","5.0","0.385139","147.786","0"
"2025-12-30","125","莠ｬFND586","蟷ｳ隹ｷ郤ｿ","3","5.0","15.0","92.0","12.0","0.0","0.405734","139.203","0"
"2025-12-30","126","莠ｬLEP368","螟ｧ蜈ｴ郤ｿ","5","5.0","12.0","110.0","12.0","2.0","0.45047","117.841","0"
"2025-12-30","127","莠ｬN7MR82","謌ｿ螻ｱ郤ｿ","6","6.0","13.0","144.0","15.0","0.0","0.567143","107.381","0"
"2025-12-30","128","莠ｬEQB022","辯暮リ郤ｿ","7","8.0","14.0","126.0","14.0","3.0","0.53163","147.786","0"
"2025-12-31","125","莠ｬHJH201","蟷ｳ隹ｷ郤ｿ","3","9.0","10.0","76.0","8.0","2.0","0.341724","139.203","0"
"2025-12-31","126","莠ｬLEP368","螟ｧ蜈ｴ郤ｿ","5","12.0","14.0","64.0","7.0","1.0","0.324199","117.841","0"
"2025-12-31","127","莠ｬN7MR82","謌ｿ螻ｱ郤ｿ","7","18.0","22.0","60.0","16.0","0.0","0.436079","112.127","0"
"2025-12-31","128","莠ｬEQB022","辯暮リ郤ｿ","7","15.0","17.0","59.0","18.0","3.0","0.430359","147.786","0"
"2026-01-01","125","莠ｬHJH201","蟷ｳ隹ｷ郤ｿ","3","3.0","8.0","70.0","7.0","3.0","0.285984","139.203","0"
"2026-01-01","126","莠ｬLEP368","螟ｧ蜈ｴ郤ｿ","6","5.0","12.0","130.0","11.0","2.0","0.494769","58.06","2"
"2026-01-01","127","莠ｬN7MR82","謌ｿ螻ｱ郤ｿ","6","5.0","13.0","103.0","11.0","0.0","0.421084","111.06","0"
"2026-01-01","128","莠ｬEQB022","辯暮リ郤ｿ","7","7.0","11.0","137.0","17.0","1.0","0.567588","147.786","0"
"2026-01-02","125","莠ｬHJH201","蟷ｳ隹ｷ郤ｿ","3","12.0","10.0","115.0","12.0","3.0","0.494813","139.203","0"
"2026-01-02","126","莠ｬMHE650","螟ｧ蜈ｴ郤ｿ","6","20.0","19.0","80.0","12.0","0.0","0.457145","58.06","2"
"2026-01-02","127","莠ｬN7MR82","謌ｿ螻ｱ郤ｿ","6","17.0","19.0","93.0","11.0","1.0","0.471161","111.06","0"
"2026-01-02","128","莠ｬEQB022","辯暮リ郤ｿ","7","10.0","13.0","53.0","8.0","2.0","0.293923","147.786","0"
"2026-01-03","125","莠ｬHJH201","蟷ｳ隹ｷ郤ｿ","3","5.0","10.0","94.0","8.0","2.0","0.369769","139.203","0"
"2026-01-03","126","莠ｬLEP368","螟ｧ蜈ｴ郤ｿ","6","7.0","17.0","135.0","15.0","1.0","0.561448","58.06","2"
"2026-01-03","127","莠ｬN7MR82","謌ｿ螻ｱ郤ｿ","6","7.0","11.0","175.0","16.0","2.0","0.661887","111.06","0"
"2026-01-03","128","莠ｬEQB022","辯暮リ郤ｿ","7","6.0","13.0","141.0","15.0","9.0","0.582933","147.786","0"
"2026-01-05","125","莠ｬHJH201","蟷ｳ隹ｷ郤ｿ","3","19.0","12.0","110.0","9.0","4.0","0.498366","139.203","0"
"2026-01-05","126","莠ｬLEP368","螟ｧ蜈ｴ郤ｿ","5","25.0","19.0","80.0","10.0","6.0","0.480422","117.841","0"
"2026-01-05","127","莠ｬN7MR82","謌ｿ螻ｱ郤ｿ","7","24.0","25.0","163.0","22.0","6.0","0.809802","112.127","0"
"2026-01-05","128","莠ｬEQB022","辯暮リ郤ｿ","7","27.0","17.0","142.0","14.0","2.0","0.670786","147.786","0"
"2026-01-06","125","莠ｬHJH201","蟷ｳ隹ｷ郤ｿ","3","6.0","7.0","103.0","4.0","0.0","0.351793","139.203","0"
"2026-01-06","126","莠ｬLEP368","螟ｧ蜈ｴ郤ｿ","5","6.0","12.0","150.0","9.0","3.0","0.538196","117.841","0"
"2026-01-06","127","莠ｬN7MR82","謌ｿ螻ｱ郤ｿ","7","6.0","11.0","157.0","20.0","4.0","0.648284","112.127","0"
"2026-01-06","128","莠ｬEQB022","辯暮リ郤ｿ","7","9.0","8.0","101.0","11.0","4.0","0.432513","147.786","0"
"2026-01-07","125","莠ｬHJH201","蟷ｳ隹ｷ郤ｿ","3","5.0","8.0","27.0","6.0","0.0","0.16626","139.203","0"
"2026-01-07","126","莠ｬLEP368","螟ｧ蜈ｴ郤ｿ","5","14.0","17.0","55.0","14.0","1.0","0.376405","117.841","0"
"2026-01-07","127","莠ｬN7MR82","謌ｿ螻ｱ郤ｿ","7","31.0","31.0","92.0","17.0","1.0","0.617741","112.127","0"
"2026-01-07","128","莠ｬEQB022","辯暮リ郤ｿ","7","8.0","20.0","55.0","11.0","2.0","0.332946","147.786","0"
"2026-01-08","125","莠ｬHJH201","蟷ｳ隹ｷ郤ｿ","3","4.0","6.0","38.0","8.0","2.0","0.207043","139.203","0"
"2026-01-08","126","莠ｬLEP368","螟ｧ蜈ｴ郤ｿ","5","5.0","10.0","89.0","7.0","4.0","0.353541","117.841","0"
"2026-01-08","127","莠ｬN7MR82","謌ｿ螻ｱ郤ｿ","7","9.0","13.0","146.0","17.0","1.0","0.606198","112.127","0"
"2026-01-08","128","莠ｬEQB022","辯暮リ郤ｿ","7","7.0","12.0","78.0","10.0","2.0","0.359255","147.786","0"
"2026-01-09","125","莠ｬHJH201","蟷ｳ隹ｷ郤ｿ","3","6.0","14.0","36.0","5.0","1.0","0.204863","139.203","0"
"2026-01-09","126","莠ｬLEP368","螟ｧ蜈ｴ郤ｿ","5","15.0","21.0","79.0","9.0","2.0","0.415885","117.841","0"
"2026-01-09","127","莠ｬN7MR82","謌ｿ螻ｱ郤ｿ","7","26.0","23.0","148.0","15.0","2.0","0.705867","112.127","0"
"2026-01-09","128","莠ｬEQB022","辯暮リ郤ｿ","7","8.0","12.0","65.0","10.0","3.0","0.332507","147.786","0"
"2026-01-10","125","莠ｬHJH201","蟷ｳ隹ｷ","3","4.0","11.0","60.0","11.0","2.0","0.303096","139.203","0"
"2026-01-10","126","莠ｬLEP368","螟ｧ蜈ｴ郤ｿ","6","9.0","20.0","122.0","10.0","0.0","0.500496","58.06","2"
"2026-01-10","127","莠ｬN7MR82","謌ｿ螻ｱ郤ｿ","7","9.0","16.0","144.0","18.0","2.0","0.619794","180.897","0"
"2026-01-10","128","莠ｬEQB022","辯暮リ郤ｿ","7","8.0","13.0","97.0","13.0","2.0","0.441718","239.954","0"
"2026-01-12","125","莠ｬHJH201","蟷ｳ隹ｷ郤ｿ","3","11.0","11.0","73.0","8.0","1.0","0.343491","139.203","0"
"2026-01-12","126","莠ｬLEP368","螟ｧ蜈ｴ郤ｿ","5","14.0","12.0","79.0","11.0","6.0","0.414563","117.841","0"
"2026-01-12","127","莠ｬN7MR82","謌ｿ螻ｱ郤ｿ","7","18.0","21.0","121.0","22.0","5.0","0.657132","112.127","0"
"2026-01-12","128","莠ｬEQB022","辯暮リ郤ｿ","7","16.0","16.0","85.0","13.0","6.0","0.467207","147.786","0"
"2026-01-13","125","莠ｬHJH201","蟷ｳ隹ｷ郤ｿ","3","4.0","10.0","82.0","11.0","6.0","0.368885","139.203","0"
"2026-01-13","126","莠ｬLEP368","螟ｧ蜈ｴ郤ｿ","5","5.0","9.0","124.0","12.0","5.0","0.487312","117.841","0"
"2026-01-13","127","莠ｬN7MR82","謌ｿ螻ｱ郤ｿ","7","8.0","17.0","178.0","22.0","1.0","0.73777","112.127","0"
"2026-01-13","128","莠ｬEQB022","辯暮リ郤ｿ","7","6.0","13.0","111.0","10.0","5.0","0.451793","147.786","0"
"2026-01-14","125","莠ｬHJH201","蟷ｳ隹ｷ郤ｿ","3","9.0","7.0","37.0","5.0","0.0","0.200934","139.203","0"
"2026-01-14","126","莠ｬLEP368","螟ｧ蜈ｴ郤ｿ","5","22.0","10.0","112.0","11.0","2.0","0.524263","117.841","0"
"2026-01-14","127","莠ｬN7MR82","謌ｿ螻ｱ郤ｿ","7","24.0","18.0","108.0","17.0","5.0","0.602346","112.127","0"
"2026-01-14","128","莠ｬEQB022","辯暮リ郤ｿ","7","13.0","12.0","54.0","10.0","2.0","0.325083","147.786","0"
"2026-01-15","125","莠ｬHJH201","蟷ｳ隹ｷ郤ｿ","3","3.0","12.0","44.0","4.0","2.0","0.200458","139.203","0"
"2026-01-15","126","莠ｬLEP368","螟ｧ蜈ｴ郤ｿ","5","5.0","9.0","95.0","9.0","4.0","0.383365","117.841","0"
"2026-01-15","127","莠ｬN7MR82","謌ｿ螻ｱ郤ｿ","7","7.0","18.0","142.0","16.0","0.0","0.588202","112.127","0"
"2026-01-15","128","莠ｬEQB022","辯暮リ郤ｿ","7","6.0","6.0","58.0","10.0","3.0","0.288635","147.786","0"
"2026-01-16","125","莠ｬHJH201","蟷ｳ隹ｷ郤ｿ","3","10.0","3.0","43.0","4.0","2.0","0.207958","139.203","0"
"2026-01-16","126","莠ｬLEP368","螟ｧ蜈ｴ郤ｿ","5","15.0","12.0","48.0","8.0","1.0","0.299657","117.841","0"
"2026-01-16","127","莠ｬN7MR82","謌ｿ螻ｱ郤ｿ","7","25.0","21.0","125.0","17.0","1.0","0.649282","112.127","0"
"2026-01-16","128","莠ｬEQB022","辯暮リ郤ｿ","7","17.0","19.0","78.0","14.0","6.0","0.469845","147.786","0"
"2026-01-17","125","莠ｬHJH201","蟷ｳ隹ｷ","3","5.0","6.0","43.0","11.0","1.0","0.2474","139.203","0"
"2026-01-17","126","莠ｬLEP368","螟ｧ蜈ｴ郤ｿ","6","5.0","17.0","133.0","12.0","6.0","0.534681","58.06","2"
"2026-01-17","127","莠ｬN7MR82","謌ｿ螻ｱ郤ｿ","7","8.0","17.0","123.0","16.0","1.0","0.543033","180.897","0"
"2026-01-17","128","莠ｬEQB022","辯暮リ郤ｿ","7","6.0","10.0","105.0","15.0","1.0","0.459249","239.954","0"
"2026-01-19","125","莠ｬHJH201","蟷ｳ隹ｷ郤ｿ","3","11.0","10.0","77.0","14.0","3.0","0.406649","139.203","0"
"2026-01-19","126","莠ｬLEP368","螟ｧ蜈ｴ郤ｿ","5","14.0","17.0","86.0","8.0","3.0","0.413247","117.841","0"
"2026-01-19","127","莠ｬN7MR82","謌ｿ螻ｱ郤ｿ","7","27.0","17.0","182.0","16.0","4.0","0.797979","112.127","0"
"2026-01-19","128","莠ｬEQB022","辯暮リ郤ｿ","7","12.0","7.0","65.0","13.0","1.0","0.35841","147.786","0"
"2026-01-20","125","莠ｬHJH201","蟷ｳ隹ｷ郤ｿ","3","3.0","5.0","75.0","10.0","3.0","0.316247","139.203","0"
"2026-01-20","126","莠ｬLEP368","螟ｧ蜈ｴ郤ｿ","5","5.0","12.0","80.0","9.0","1.0","0.343891","117.841","0"
"2026-01-20","127","莠ｬN7MR82","謌ｿ螻ｱ郤ｿ","7","10.0","27.0","172.0","23.0","2.0","0.768923","112.127","0"
"2026-01-20","128","莠ｬEQB022","辯暮リ郤ｿ","7","7.0","17.0","139.0","18.0","2.0","0.599606","147.786","0"
"2026-01-21","125","莠ｬHJH201","蟷ｳ隹ｷ郤ｿ","3","11.0","8.0","75.0","8.0","4.0","0.348754","139.203","0"
"2026-01-21","126","莠ｬLEP368","螟ｧ蜈ｴ郤ｿ","5","17.0","14.0","82.0","11.0","2.0","0.431687","117.841","0"
"2026-01-21","127","莠ｬN7MR82","謌ｿ螻ｱ郤ｿ","7","21.0","33.0","112.0","21.0","1.0","0.66066","112.127","0"
"2026-01-21","128","莠ｬEQB022","辯暮リ郤ｿ","7","14.0","11.0","69.0","11.0","1.0","0.372457","147.786","0"
"2026-01-22","125","莠ｬHJH201","蟷ｳ隹ｷ郤ｿ","3","2.0","9.0","50.0","5.0","2.0","0.211855","139.203","0"
"2026-01-22","126","莠ｬLEP368","螟ｧ蜈ｴ郤ｿ","5","4.0","16.0","80.0","14.0","2.0","0.393885","117.841","0"
"2026-01-22","127","莠ｬN7MR82","謌ｿ螻ｱ郤ｿ","7","10.0","16.0","129.0","21.0","1.0","0.60752","112.127","0"
"2026-01-22","128","莠ｬEQB022","辯暮リ郤ｿ","7","8.0","9.0","98.0","12.0","3.0","0.428121","147.786","0"
"2026-01-23","125","莠ｬHJH201","蟷ｳ隹ｷ郤ｿ","3","13.0","5.0","53.0","9.0","1.0","0.293065","139.203","0"
"2026-01-23","126","莠ｬLEP368","螟ｧ蜈ｴ郤ｿ","5","20.0","28.0","100.0","13.0","2.0","0.547057","117.841","0"
"2026-01-23","127","莠ｬN7MR82","謌ｿ螻ｱ郤ｿ","7","28.0","20.0","113.0","17.0","1.0","0.629564","112.127","0"
"2026-01-23","128","莠ｬEQB022","辯暮リ郤ｿ","7","14.0","20.0","61.0","10.0","0.0","0.364124","147.786","0"
"2026-01-24","125","莠ｬHJH201","蟷ｳ隹ｷ","3","5.0","33.0","54.0","12.0","3.0","0.360997","139.203","0"
"2026-01-24","126","莠ｬLEP368","螟ｧ蜈ｴ郤ｿ","6","8.0","21.0","200.0","16.0","3.0","0.761454","58.06","2"
"2026-01-24","127","莠ｬN7MR82","謌ｿ螻ｱ郤ｿ","7","8.0","28.0","173.0","17.0","1.0","0.711893","180.897","0"
"2026-01-24","128","莠ｬEQB022","辯暮リ郤ｿ","7","8.0","11.0","58.0","13.0","8.0","0.349612","239.954","0"
"2026-01-26","125","莠ｬHJH201","蟷ｳ隹ｷ郤ｿ","3","11.0","7.0","112.0","13.0","9.0","0.498316","139.203","0"
"2026-01-26","126","莠ｬLEP368","螟ｧ蜈ｴ郤ｿ","5","16.0","12.0","76.0","12.0","0.0","0.408874","117.841","0"
"2026-01-26","127","莠ｬN7MR82","謌ｿ螻ｱ郤ｿ","7","22.0","27.0","132.0","22.0","3.0","0.715929","112.127","0"
"2026-01-26","128","莠ｬEQB022","辯暮リ郤ｿ","7","15.0","12.0","117.0","10.0","5.0","0.508429","147.786","0"
"2026-01-27","125","莠ｬHJH201","蟷ｳ隹ｷ郤ｿ","3","4.0","13.0","90.0","12.0","4.0","0.400903","139.203","0"
"2026-01-27","126","莠ｬLEP368","螟ｧ蜈ｴ郤ｿ","5","4.0","9.0","166.0","11.0","10.0","0.597832","117.841","0"
"2026-01-27","127","莠ｬN7MR82","謌ｿ螻ｱ郤ｿ","7","6.0","16.0","121.0","16.0","2.0","0.528108","112.127","0"
"2026-01-27","128","莠ｬEQB022","辯暮リ郤ｿ","7","8.0","10.0","110.0","12.0","2.0","0.4597","147.786","0"
"2026-01-28","125","莠ｬHJH201","蟷ｳ隹ｷ郤ｿ","3","10.0","3.0","45.0","6.0","0.0","0.224625","139.203","0"
"2026-01-28","126","莠ｬLEP368","螟ｧ蜈ｴ郤ｿ","5","18.0","13.0","75.0","9.0","1.0","0.396167","117.841","0"
"2026-01-28","127","莠ｬN7MR82","謌ｿ螻ｱ郤ｿ","7","18.0","21.0","81.0","17.0","0.0","0.497044","112.127","0"
"2026-01-28","128","莠ｬEQB022","辯暮リ郤ｿ","7","14.0","14.0","51.0","14.0","1.0","0.357984","147.786","0"
"2026-01-29","125","莠ｬHJH201","蟷ｳ隹ｷ郤ｿ","3","3.0","16.0","60.0","11.0","2.0","0.311423","139.203","0"
"2026-01-29","126","莠ｬLEP368","螟ｧ蜈ｴ郤ｿ","5","3.0","9.0","96.0","10.0","2.0","0.379405","117.841","0"
"2026-01-29","127","莠ｬN7MR82","謌ｿ螻ｱ郤ｿ","7","6.0","13.0","151.0","17.0","2.0","0.607494","112.127","0"
"2026-01-29","128","莠ｬEQB022","辯暮リ郤ｿ","7","7.0","8.0","78.0","9.0","1.0","0.337764","147.786","0"
"2026-01-30","125","莠ｬHJH201","蟷ｳ隹ｷ郤ｿ","3","10.0","6.0","38.0","6.0","2.0","0.219362","139.203","0"
"2026-01-30","126","莠ｬLEP368","螟ｧ蜈ｴ郤ｿ","5","22.0","16.0","91.0","9.0","4.0","0.473385","117.841","0"
"2026-01-30","127","莠ｬN7MR82","謌ｿ螻ｱ郤ｿ","7","26.0","20.0","155.0","19.0","1.0","0.747095","112.127","0"
"2026-01-30","128","莠ｬEQB022","辯暮リ郤ｿ","7","12.0","11.0","64.0","13.0","3.0","0.371568","147.786","0"
"2026-01-31","125","莠ｬHJH201","蟷ｳ隹ｷ","3","4.0","9.0","76.0","9.0","3.0","0.325903","139.203","0"
"2026-01-31","126","莠ｬLEP368","螟ｧ蜈ｴ郤ｿ","6","5.0","11.0","139.0","17.0","1.0","0.56319","58.06","2"
"2026-01-31","127","莠ｬN7MR82","謌ｿ螻ｱ郤ｿ","7","7.0","18.0","152.0","14.0","0.0","0.597852","180.897","0"
"2026-01-31","128","莠ｬEQB022","辯暮リ郤ｿ","7","7.0","12.0","84.0","13.0","1.0","0.397413","239.954","0"
"2026-02-02","125","莠ｬHJH201","蟷ｳ隹ｷ郤ｿ","3","14.0","13.0","98.0","7.0","2.0","0.423335","139.203","0"
"2026-02-02","126","莠ｬLEP368","螟ｧ蜈ｴ郤ｿ","5","16.0","16.0","72.0","15.0","3.0","0.441768","117.841","0"
"2026-02-02","127","莠ｬN7MR82","謌ｿ螻ｱ郤ｿ","7","17.0","18.0","129.0","20.0","2.0","0.640898","112.127","0"
"2026-02-02","128","莠ｬEQB022","辯暮リ郤ｿ","7","15.0","10.0","106.0","11.0","4.0","0.47992","147.786","0"
"2026-02-03","125","莠ｬHJH201","蟷ｳ隹ｷ郤ｿ","3","3.0","8.0","95.0","8.0","3.0","0.360107","139.203","0"
"2026-02-03","126","莠ｬLEP368","螟ｧ蜈ｴ郤ｿ","5","5.0","9.0","107.0","14.0","5.0","0.459242","117.841","0"
"2026-02-03","127","莠ｬN7MR82","謌ｿ螻ｱ郤ｿ","7","6.0","14.0","152.0","24.0","12.0","0.697407","112.127","0"
"2026-02-03","128","莠ｬEQB022","辯暮リ郤ｿ","7","6.0","13.0","103.0","8.0","8.0","0.421968","147.786","0"
"2026-02-04","125","莠ｬHJH201","蟷ｳ隹ｷ郤ｿ","3","13.0","6.0","77.0","8.0","6.0","0.363679","139.203","0"
"2026-02-04","126","莠ｬLEP368","螟ｧ蜈ｴ郤ｿ","5","23.0","14.0","69.0","10.0","1.0","0.415497","117.841","0"
"2026-02-04","127","莠ｬN7MR82","謌ｿ螻ｱ郤ｿ","7","28.0","14.0","124.0","17.0","0.0","0.64009","112.127","0"
"2026-02-04","128","莠ｬEQB022","辯暮リ郤ｿ","6","11.0","17.0","103.0","8.0","1.0","0.438228","93.47","0"
"2026-02-05","125","莠ｬHJH201","蟷ｳ隹ｷ郤ｿ","3","4.0","18.0","72.0","12.0","5.0","0.369324","139.203","0"
"2026-02-05","126","莠ｬLEP368","螟ｧ蜈ｴ郤ｿ","5","3.0","16.0","98.0","9.0","6.0","0.405282","117.841","0"
"2026-02-05","127","莠ｬN7MR82","謌ｿ螻ｱ郤ｿ","7","8.0","14.0","182.0","14.0","2.0","0.676367","112.127","0"
"2026-02-05","128","莠ｬEQB022","辯暮リ郤ｿ","6","5.0","18.0","83.0","9.0","4.0","0.37547","93.47","0"
"2026-02-06","125","莠ｬHJH201","蟷ｳ隹ｷ郤ｿ","3","10.0","13.0","56.0","7.0","2.0","0.293485","139.203","0"
"2026-02-06","126","莠ｬLEP368","螟ｧ蜈ｴ郤ｿ","5","15.0","16.0","47.0","11.0","3.0","0.337815","117.841","0"
"2026-02-06","127","莠ｬN7MR82","謌ｿ螻ｱ郤ｿ","7","21.0","23.0","116.0","17.0","4.0","0.619432","112.127","0"
"2026-02-06","128","莠ｬEQB022","辯暮リ郤ｿ","6","14.0","14.0","72.0","13.0","2.0","0.407545","93.47","0"
"2026-02-07","125","莠ｬHJH201","蟷ｳ隹ｷ","3","3.0","22.0","83.0","13.0","5.0","0.4123","139.203","0"
"2026-02-07","126","莠ｬLEP368","螟ｧ蜈ｴ郤ｿ","6","5.0","20.0","185.0","15.0","5.0","0.701786","58.06","2"
"2026-02-07","127","莠ｬN7MR82","謌ｿ螻ｱ郤ｿ","7","7.0","19.0","143.0","18.0","4.0","0.620659","180.897","0"
"2026-02-07","128","莠ｬEQB022","辯暮リ郤ｿ","6","7.0","23.0","112.0","11.0","15.0","0.52022","196.781","0"
"2026-02-09","125","莠ｬHJH201","蟷ｳ隹ｷ郤ｿ","3","13.0","10.0","76.0","10.0","4.0","0.382977","139.203","0"
"2026-02-09","126","莠ｬLKW990","螟ｧ蜈ｴ郤ｿ","5","15.0","15.0","68.0","15.0","2.0","0.421148","117.841","0"
"2026-02-09","127","莠ｬN7MR82","謌ｿ螻ｱ郤ｿ","7","25.0","19.0","157.0","24.0","8.0","0.804983","112.127","0"
"2026-02-09","128","莠ｬEQB022","辯暮リ郤ｿ","7","14.0","15.0","123.0","15.0","9.0","0.579475","147.786","0"
"2026-02-10","125","莠ｬHJH201","蟷ｳ隹ｷ郤ｿ","3","7.0","4.0","92.0","9.0","3.0","0.369343","139.203","0"
"2026-02-10","126","莠ｬLKW990","螟ｧ蜈ｴ郤ｿ","5","7.0","16.0","136.0","14.0","8.0","0.571536","117.841","0"
"2026-02-10","127","莠ｬN7MR82","謌ｿ螻ｱ郤ｿ","7","8.0","25.0","199.0","20.0","4.0","0.805314","112.127","0"
"2026-02-10","128","莠ｬEQB022","辯暮リ郤ｿ","7","10.0","14.0","107.0","10.0","9.0","0.473748","147.786","0"
"2026-02-11","125","莠ｬHJH201","蟷ｳ隹ｷ郤ｿ","3","10.0","16.0","78.0","8.0","2.0","0.367607","139.203","0"
"2026-02-11","126","莠ｬLKW990","螟ｧ蜈ｴ郤ｿ","5","16.0","21.0","86.0","12.0","1.0","0.461505","117.841","0"
"2026-02-11","127","莠ｬN7MR82","謌ｿ螻ｱ郤ｿ","7","11.0","27.0","70.0","19.0","5.0","0.479894","112.127","0"
"2026-02-11","128","莠ｬEQB022","辯暮リ郤ｿ","7","8.0","22.0","65.0","10.0","4.0","0.361454","147.786","0"
"2026-02-12","125","莠ｬHJH201","蟷ｳ隹ｷ郤ｿ","3","3.0","7.0","49.0","6.0","1.0","0.214493","139.203","0"
"2026-02-12","126","莠ｬLKW990","螟ｧ蜈ｴ郤ｿ","5","3.0","20.0","85.0","9.0","1.0","0.36844","117.841","0"
"2026-02-12","127","莠ｬN7MR82","謌ｿ螻ｱ郤ｿ","7","8.0","17.0","127.0","17.0","5.0","0.572419","112.127","0"
"2026-02-12","128","莠ｬEQB022","辯暮リ郤ｿ","7","7.0","14.0","94.0","13.0","0.0","0.42636","147.786","0"
"2026-02-13","125","莠ｬHJH201","蟷ｳ隹ｷ郤ｿ","3","8.0","19.0","52.0","11.0","3.0","0.325051","139.203","0"
"2026-02-13","126","莠ｬLKW990","螟ｧ蜈ｴ郤ｿ","5","13.0","17.0","62.0","11.0","5.0","0.375521","117.841","0"
"2026-02-13","127","莠ｬN7MR82","謌ｿ螻ｱ郤ｿ","7","19.0","29.0","120.0","12.0","1.0","0.586524","112.127","0"
"2026-02-13","128","莠ｬEQB022","辯暮リ郤ｿ","7","9.0","16.0","59.0","9.0","3.0","0.323741","147.786","0"
"2026-02-14","125","莠ｬHJH201","蟷ｳ隹ｷ","3","3.0","21.0","71.0","13.0","6.0","0.380721","139.203","0"
"2026-02-14","126","莠ｬLEP368","螟ｧ蜈ｴ郤ｿ","5","5.0","15.0","93.0","7.0","8.0","0.387751","117.841","0"
"2026-02-14","127","莠ｬN7MR82","謌ｿ螻ｱ郤ｿ","7","7.0","15.0","134.0","10.0","11.0","0.538202","176.115","0"
"2026-02-14","128","莠ｬEQB022","辯暮リ郤ｿ","6","7.0","34.0","100.0","14.0","6.0","0.518904","196.781","0"
"2026-02-16","125","莠ｬHJH201","蟷ｳ隹ｷ郤ｿ","4","18.0","6.0","170.0","15.0","8.0","0.696167","141.498","0"
"2026-02-16","126","莠ｬLKW990","螟ｧ蜈ｴ郤ｿ","6","26.0","19.0","175.0","12.0","5.0","0.749288","58.06","2"
"2026-02-16","127","莠ｬN7MR82","謌ｿ螻ｱ郤ｿ","7","20.0","12.0","152.0","17.0","7.0","0.688285","128.931","0"
"2026-02-16","128","莠ｬMEH650","辯暮リ郤ｿ","6","13.0","11.0","99.0","15.0","9.0","0.50096","93.47","0"
"2026-02-17","125","莠ｬHJH201","蟷ｳ隹ｷ郤ｿ","4","5.0","12.0","207.0","14.0","10.0","0.743453","141.498","0"
"2026-02-17","126","莠ｬLKW990","螟ｧ蜈ｴ郤ｿ","6","5.0","12.0","134.0","10.0","4.0","0.502225","58.06","2"
"2026-02-17","127","莠ｬN7MR82","謌ｿ螻ｱ郤ｿ","7","6.0","12.0","192.0","15.0","1.0","0.693459","128.931","0"
"2026-02-17","128","莠ｬMEH650","辯暮リ郤ｿ","6","6.0","13.0","125.0","12.0","4.0","0.50267","93.47","0"
"2026-02-18","125","莠ｬHJH201","蟷ｳ隹ｷ郤ｿ","4","17.0","6.0","86.0","12.0","6.0","0.44002","141.498","0"
"2026-02-18","126","莠ｬLKW990","螟ｧ蜈ｴ郤ｿ","6","23.0","12.0","36.0","8.0","5.0","0.317251","58.06","2"
"2026-02-18","127","莠ｬN7MR82","謌ｿ螻ｱ郤ｿ","7","21.0","18.0","154.0","17.0","12.0","0.727326","128.931","0"
"2026-02-18","128","莠ｬMEH650","辯暮リ郤ｿ","6","17.0","11.0","58.0","8.0","8.0","0.351424","93.47","0"
"2026-02-19","125","莠ｬHJH201","蟷ｳ隹ｷ郤ｿ","4","4.0","7.0","105.0","15.0","6.0","0.45485","141.498","0"
"2026-02-19","126","莠ｬLKW990","螟ｧ蜈ｴ郤ｿ","6","5.0","11.0","70.0","9.0","1.0","0.314944","58.06","2"
"2026-02-19","127","莠ｬN7MR82","謌ｿ螻ｱ郤ｿ","7","8.0","14.0","212.0","17.0","2.0","0.780314","128.931","0"
"2026-02-19","128","莠ｬMEH650","辯暮リ郤ｿ","6","6.0","20.0","145.0","18.0","5.0","0.626354","93.47","0"
"2026-02-20","125","莠ｬHJH201","蟷ｳ隹ｷ郤ｿ","4","17.0","12.0","62.0","13.0","4.0","0.395722","141.498","0"
"2026-02-20","126","莠ｬFAQ401","螟ｧ蜈ｴ郤ｿ","6","18.0","15.0","94.0","11.0","4.0","0.475992","58.06","2"
"2026-02-20","127","莠ｬN7MR82","謌ｿ螻ｱ郤ｿ","7","27.0","21.0","112.0","16.0","4.0","0.624294","128.931","0"
"2026-02-20","128","莠ｬMEH650","辯暮リ郤ｿ","6","18.0","15.0","116.0","18.0","4.0","0.59222","93.47","0"
"2026-02-21","125","莠ｬHJH201","蟷ｳ隹ｷ郤ｿ","4","4.0","8.0","169.0","17.0","13.0","0.66099","141.498","0"
"2026-02-21","126","莠ｬFAQ401","螟ｧ蜈ｴ郤ｿ","6","5.0","14.0","89.0","9.0","5.0","0.383365","58.06","2"
"2026-02-21","127","莠ｬN7MR82","謌ｿ螻ｱ郤ｿ","7","5.0","13.0","229.0","16.0","5.0","0.807488","128.931","0"
"2026-02-21","128","莠ｬMEH650","辯暮リ郤ｿ","6","8.0","12.0","120.0","15.0","11.0","0.539963","93.47","0"
"2026-02-23","125","莠ｬHJH201","蟷ｳ隹ｷ郤ｿ","4","20.0","12.0","103.0","15.0","10.0","0.550566","141.498","0"
"2026-02-23","126","莠ｬLKW990","螟ｧ蜈ｴ郤ｿ","6","12.0","27.0","191.0","19.0","12.0","0.821568","58.06","2"
"2026-02-23","127","莠ｬN7MR82","謌ｿ螻ｱ郤ｿ","7","25.0","21.0","176.0","18.0","4.0","0.79972","128.931","0"
"2026-02-23","128","莠ｬMEH650","辯暮リ郤ｿ","6","16.0","11.0","107.0","15.0","16.0","0.554926","93.47","0"
"2026-02-24","125","莠ｬHJH201","蟷ｳ隹ｷ郤ｿ","3","3.0","10.0","106.0","5.0","8.0","0.382475","139.203","0"
"2026-02-24","126","莠ｬLKW990","螟ｧ蜈ｴ郤ｿ","5","3.0","10.0","112.0","7.0","13.0","0.428089","117.841","0"
"2026-02-24","127","莠ｬN7MR82","謌ｿ螻ｱ郤ｿ","7","6.0","12.0","193.0","15.0","28.0","0.767143","112.127","0"
"2026-02-24","128","莠ｬN1PE01","辯暮リ郤ｿ","6","6.0","10.0","125.0","6.0","20.0","0.48688","93.47","0"
"2026-02-25","125","莠ｬHJH201","蟷ｳ隹ｷ郤ｿ","3","9.0","8.0","77.0","7.0","9.0","0.34918","139.203","0"
"2026-02-25","126","莠ｬLKW990","螟ｧ蜈ｴ郤ｿ","5","11.0","22.0","81.0","6.0","14.0","0.411035","117.841","0"
"2026-02-25","127","莠ｬN7MR82","謌ｿ螻ｱ郤ｿ","7","17.0","25.0","107.0","9.0","9.0","0.528178","112.127","0"
"2026-02-25","128","莠ｬN1PE01","辯暮リ郤ｿ","6","10.0","20.0","90.0","10.0","5.0","0.434274","93.47","0"
"2026-02-26","125","莠ｬHJH201","蟷ｳ隹ｷ郤ｿ","3","5.0","7.0","70.0","11.0","7.0","0.336874","139.203","0"
"2026-02-26","126","莠ｬLKW990","螟ｧ蜈ｴ郤ｿ","5","3.0","11.0","105.0","8.0","6.0","0.402212","117.841","0"
"2026-02-26","127","莠ｬN7MR82","謌ｿ螻ｱ郤ｿ","7","8.0","11.0","155.0","12.0","7.0","0.593911","112.127","0"
"2026-02-26","128","莠ｬN1PE01","辯暮リ郤ｿ","6","6.0","10.0","76.0","11.0","5.0","0.360126","93.47","0"
"2026-02-27","125","莠ｬHJH201","蟷ｳ隹ｷ郤ｿ","3","10.0","8.0","64.0","6.0","3.0","0.295678","139.203","0"
"2026-02-27","126","莠ｬLKW990","螟ｧ蜈ｴ郤ｿ","5","11.0","21.0","83.0","10.0","2.0","0.415421","117.841","0"
"2026-02-27","127","莠ｬN7MR82","謌ｿ螻ｱ郤ｿ","7","17.0","23.0","128.0","18.0","5.0","0.642652","112.127","0"
"2026-02-27","128","莠ｬN1PE01","辯暮リ郤ｿ","6","6.0","12.0","55.0","11.0","1.0","0.2996","93.47","0"
"2026-02-28","125","莠ｬHJH201","蟷ｳ隹ｷ郤ｿ","3","4.0","8.0","70.0","11.0","6.0","0.332043","139.203","0"
"2026-02-28","126","莠ｬLKW990","螟ｧ蜈ｴ郤ｿ","5","5.0","13.0","82.0","7.0","7.0","0.350909","117.841","0"
"2026-02-28","127","莠ｬN7MR82","謌ｿ螻ｱ郤ｿ","7","7.0","16.0","148.0","15.0","12.0","0.621974","112.127","0"
"2026-02-28","128","莠ｬN1PE01","辯暮リ郤ｿ","6","8.0","13.0","116.0","12.0","16.0","0.520226","93.47","0"
"2026-03-02","125","莠ｬHJH201","蟷ｳ隹ｷ郤ｿ","3","12.0","14.0","96.0","15.0","8.0","0.493497","139.203","0"
"2026-03-02","126","莠ｬLKW990","螟ｧ蜈ｴ郤ｿ","5","21.0","17.0","132.0","14.0","10.0","0.636537","117.841","0"
"2026-03-02","127","莠ｬN7MR82","謌ｿ螻ｱ郤ｿ","7","30.0","28.0","167.0","22.0","2.0","0.846682","112.127","0"
"2026-03-02","128","莠ｬN8TU73","辯暮リ郤ｿ","7","24.0","26.0","214.0","13.0","14.0","0.892696","96.409","0"
"2026-03-03","125","莠ｬHJH201","蟷ｳ隹ｷ郤ｿ","3","3.0","7.0","53.0","7.0","2.0","0.235984","139.203","0"
"2026-03-03","126","莠ｬLKW990","螟ｧ蜈ｴ郤ｿ","5","6.0","13.0","82.0","12.0","2.0","0.384249","117.841","0"
"2026-03-03","127","莠ｬN7MR82","謌ｿ螻ｱ郤ｿ","7","7.0","27.0","205.0","15.0","8.0","0.790395","112.127","0"
"2026-03-03","128","莠ｬN8TU73","辯暮リ郤ｿ","8","12.0","38.0","199.0","21.0","3.0","0.86455","161.266","0"
"2026-03-04","125","莠ｬHJH201","蟷ｳ隹ｷ郤ｿ","3","7.0","9.0","51.0","6.0","3.0","0.249606","139.203","0"
"2026-03-04","126","莠ｬLKW990","螟ｧ蜈ｴ郤ｿ","5","13.0","18.0","70.0","6.0","9.0","0.368065","117.841","0"
"2026-03-04","127","莠ｬN7MR82","謌ｿ螻ｱ郤ｿ","7","10.0","25.0","115.0","11.0","17.0","0.553134","112.127","0"
"2026-03-04","128","莠ｬN8TU73","辯暮リ郤ｿ","8","31.0","25.0","118.0","11.0","2.0","0.623004","161.266","0"
"2026-03-05","125","莠ｬHJH201","蟷ｳ隹ｷ郤ｿ","3","2.0","15.0","48.0","6.0","2.0","0.230714","139.203","0"
"2026-03-05","126","莠ｬLKW990","螟ｧ蜈ｴ郤ｿ","5","3.0","19.0","98.0","10.0","4.0","0.416247","117.841","0"
"2026-03-05","127","莠ｬN7MR82","謌ｿ螻ｱ郤ｿ","7","8.0","16.0","153.0","19.0","2.0","0.646981","112.127","0"
"2026-03-05","128","莠ｬN8TU73","辯暮リ郤ｿ","7","9.0","15.0","138.0","14.0","3.0","0.570671","147.786","0"
"2026-03-06","125","莠ｬHJH201","蟷ｳ隹ｷ郤ｿ","3","13.0","4.0","68.0","5.0","0.0","0.293942","139.203","0"
"2026-03-06","126","莠ｬLKW990","螟ｧ蜈ｴ郤ｿ","5","16.0","18.0","72.0","10.0","4.0","0.407996","117.841","0"
"2026-03-06","127","莠ｬN7MR82","謌ｿ螻ｱ郤ｿ","7","16.0","25.0","112.0","15.0","0.0","0.562821","112.127","0"
"2026-03-06","128","莠ｬN8TU73","辯暮リ郤ｿ","7","15.0","14.0","56.0","10.0","0.0","0.340008","147.786","0"
"2026-03-07","125","莠ｬHJH201","蟷ｳ隹ｷ","3","4.0","9.0","72.0","12.0","0.0","0.332482","139.203","0"
"2026-03-07","126","莠ｬLKW990","螟ｧ蜈ｴ郤ｿ","6","5.0","16.0","136.0","11.0","4.0","0.526348","58.06","2"
"2026-03-07","127","莠ｬN7MR82","謌ｿ螻ｱ郤ｿ","7","13.0","12.0","132.0","15.0","0.0","0.566749","180.897","0"
"2026-03-07","128","莠ｬN8TU73","辯暮リ郤ｿ","7","7.0","15.0","96.0","15.0","2.0","0.456185","239.954","0"
"2026-03-09","125","莠ｬHJH201","蟷ｳ隹ｷ郤ｿ","3","10.0","8.0","61.0","13.0","8.0","0.359274","139.203","0"
"2026-03-09","126","莠ｬLKW990","螟ｧ蜈ｴ郤ｿ","5","27.0","18.0","118.0","11.0","3.0","0.587891","117.841","0"
"2026-03-09","127","莠ｬN7MR82","謌ｿ螻ｱ郤ｿ","7","22.0","28.0","108.0","20.0","2.0","0.636105","112.127","0"
"2026-03-09","128","莠ｬN8TU73","辯暮リ郤ｿ","7","22.0","17.0","114.0","17.0","7.0","0.611105","147.786","0"
"2026-03-10","125","莠ｬHJH201","蟷ｳ隹ｷ郤ｿ","3","6.0","6.0","74.0","10.0","4.0","0.333371","139.203","0"
"2026-03-10","126","莠ｬLKW990","螟ｧ蜈ｴ郤ｿ","5","6.0","8.0","128.0","14.0","3.0","0.511442","117.841","0"
"2026-03-10","127","莠ｬN7MR82","謌ｿ螻ｱ郤ｿ","7","11.0","18.0","157.0","21.0","1.0","0.691298","112.127","0"
"2026-03-10","128","莠ｬN8TU73","辯暮リ郤ｿ","7","8.0","14.0","125.0","13.0","12.0","0.544349","147.786","0"
"2026-03-11","125","莠ｬHJH201","蟷ｳ隹ｷ郤ｿ","3","11.0","7.0","54.0","7.0","5.0","0.285158","139.203","0"
"2026-03-11","126","莠ｬLKW990","螟ｧ蜈ｴ郤ｿ","5","18.0","15.0","88.0","9.0","4.0","0.443535","117.841","0"
"2026-03-11","127","莠ｬN7MR82","謌ｿ螻ｱ郤ｿ","7","16.0","20.0","134.0","17.0","1.0","0.626856","112.127","0"
"2026-03-11","128","莠ｬN8TU73","辯暮リ郤ｿ","7","9.0","23.0","31.0","13.0","4.0","0.304443","147.786","0"
"2026-03-12","125","莠ｬHJH201","蟷ｳ隹ｷ郤ｿ","3","4.0","4.0","47.0","5.0","2.0","0.200464","139.203","0"
"2026-03-12","126","莠ｬLKW990","螟ｧ蜈ｴ郤ｿ","5","6.0","7.0","139.0","9.0","4.0","0.498722","117.841","0"
"2026-03-12","127","莠ｬN7MR82","謌ｿ螻ｱ郤ｿ","7","9.0","15.0","157.0","13.0","12.0","0.636022","112.127","0"
"2026-03-12","128","莠ｬN8TU73","辯暮リ郤ｿ","7","9.0","20.0","67.0","14.0","2.0","0.394355","147.786","0"
"2026-03-13","125","莠ｬHJH201","蟷ｳ隹ｷ郤ｿ","3","9.0","9.0","37.0","5.0","1.0","0.208829","139.203","0"
"2026-03-13","126","莠ｬLKW990","螟ｧ蜈ｴ郤ｿ","5","21.0","12.0","79.0","8.0","3.0","0.415484","117.841","0"
"2026-03-13","127","莠ｬN7MR82","謌ｿ螻ｱ郤ｿ","7","20.0","24.0","134.0","15.0","8.0","0.65846","112.127","0"
"2026-03-13","128","莠ｬN8TU73","辯暮リ郤ｿ","7","11.0","18.0","68.0","10.0","2.0","0.368052","147.786","0"
"2026-03-14","125","莠ｬHJH201","蟷ｳ隹ｷ","3","3.0","6.0","65.0","7.0","2.0","0.264931","139.203","0"
"2026-03-14","126","莠ｬLKW990","螟ｧ蜈ｴ郤ｿ","6","6.0","17.0","158.0","16.0","4.0","0.633371","58.06","2"
"2026-03-14","127","莠ｬN7MR82","謌ｿ螻ｱ郤ｿ","7","7.0","25.0","128.0","19.0","5.0","0.607939","180.897","0"
"2026-03-14","128","莠ｬN8TU73","辯暮リ郤ｿ","7","4.0","27.0","78.0","16.0","4.0","0.439499","239.954","0"
"2026-03-16","125","莠ｬHJH201","蟷ｳ隹ｷ郤ｿ","3","13.0","9.0","86.0","14.0","2.0","0.434732","139.203","0"
"2026-03-16","126","莠ｬLKW990","螟ｧ蜈ｴ郤ｿ","5","16.0","18.0","104.0","12.0","8.0","0.5194","117.841","0"
"2026-03-16","127","莠ｬN7MR82","謌ｿ螻ｱ郤ｿ","7","19.0","17.0","165.0","17.0","1.0","0.715033","112.127","0"
"2026-03-16","128","莠ｬN8TU73","辯暮リ郤ｿ","7","14.0","21.0","135.0","20.0","6.0","0.660615","147.786","0"
"2026-03-17","125","莠ｬHJH201","蟷ｳ隹ｷ郤ｿ","3","3.0","12.0","116.0","11.0","16.0","0.485107","139.203","0"
"2026-03-17","126","莠ｬLKW990","螟ｧ蜈ｴ郤ｿ","5","3.0","13.0","90.0","13.0","3.0","0.401773","117.841","0"
"2026-03-17","127","莠ｬN7MR82","謌ｿ螻ｱ郤ｿ","7","6.0","11.0","165.0","18.0","13.0","0.676354","112.127","0"
"2026-03-17","128","莠ｬN8TU73","辯暮リ郤ｿ","7","6.0","17.0","107.0","11.0","26.0","0.515389","147.786","0"
"2026-03-18","125","莠ｬHJH201","蟷ｳ隹ｷ郤ｿ","3","12.0","10.0","55.0","7.0","4.0","0.297883","139.203","0"
"2026-03-18","126","莠ｬLKW990","螟ｧ蜈ｴ郤ｿ","5","19.0","15.0","114.0","8.0","7.0","0.516349","117.841","0"
"2026-03-18","127","莠ｬN7MR82","謌ｿ螻ｱ郤ｿ","7","16.0","19.0","135.0","15.0","5.0","0.620716","112.127","0"
"2026-03-18","128","莠ｬN8TU73","辯暮リ郤ｿ","7","9.0","19.0","72.0","13.0","3.0","0.39918","147.786","0"
"2026-03-19","125","莠ｬHJH201","蟷ｳ隹ｷ郤ｿ","3","3.0","7.0","53.0","5.0","9.0","0.237738","139.203","0"
"2026-03-19","126","莠ｬLKW990","螟ｧ蜈ｴ郤ｿ","5","5.0","13.0","124.0","10.0","3.0","0.475909","117.841","0"
"2026-03-19","127","莠ｬN7MR82","謌ｿ螻ｱ郤ｿ","7","6.0","15.0","140.0","14.0","6.0","0.569336","112.127","0"
"2026-03-19","128","莠ｬN8TU73","辯暮リ郤ｿ","7","6.0","17.0","83.0","18.0","3.0","0.450038","147.786","0"
"2026-03-20","125","莠ｬHJH201","蟷ｳ隹ｷ郤ｿ","3","6.0","8.0","60.0","6.0","0.0","0.257933","139.203","0"
"2026-03-20","126","莠ｬLKW990","螟ｧ蜈ｴ郤ｿ","5","18.0","9.0","36.0","8.0","2.0","0.277307","117.841","0"
"2026-03-20","127","莠ｬN7MR82","謌ｿ螻ｱ郤ｿ","7","22.0","23.0","126.0","17.0","2.0","0.645315","112.127","0"
"2026-03-20","128","莠ｬN8TU73","辯暮リ郤ｿ","7","11.0","18.0","63.0","12.0","7.0","0.384719","147.786","0"
"2026-03-21","125","莠ｬHJH201","蟷ｳ隹ｷ","3","6.0","6.0","65.0","10.0","4.0","0.309687","139.203","0"
"2026-03-21","126","莠ｬLKW990","螟ｧ蜈ｴ郤ｿ","6","6.0","17.0","118.0","13.0","8.0","0.513635","58.06","2"
"2026-03-21","127","莠ｬN7MR82","謌ｿ螻ｱ郤ｿ","6","5.0","17.0","119.0","10.0","3.0","0.473277","128.005","0"
"2026-03-21","128","莠ｬN8TU73","辯暮リ郤ｿ","7","6.0","18.0","93.0","16.0","4.0","0.46495","239.954","0"
"2026-03-23","125","莠ｬHJH201","蟷ｳ隹ｷ郤ｿ","3","9.0","8.0","61.0","10.0","6.0","0.32418","139.203","0"
"2026-03-23","126","莠ｬLKW990","螟ｧ蜈ｴ郤ｿ","5","23.0","14.0","99.0","14.0","1.0","0.527778","117.841","0"
"2026-03-23","127","莠ｬN7MR82","謌ｿ螻ｱ郤ｿ","7","22.0","17.0","121.0","19.0","1.0","0.630403","112.127","0"
"2026-03-23","128","莠ｬN8TU73","辯暮リ郤ｿ","7","13.0","12.0","108.0","16.0","5.0","0.525083","147.786","0"
"2026-03-24","125","莠ｬHJH201","蟷ｳ隹ｷ郤ｿ","3","3.0","11.0","68.0","6.0","9.0","0.296072","139.203","0"
"2026-03-24","126","莠ｬLKW990","螟ｧ蜈ｴ郤ｿ","5","5.0","10.0","128.0","10.0","7.0","0.489067","117.841","0"
"2026-03-24","127","莠ｬN7MR82","謌ｿ螻ｱ郤ｿ","7","6.0","13.0","167.0","11.0","18.0","0.641705","112.127","0"
"2026-03-24","128","莠ｬN8TU73","辯暮リ郤ｿ","7","6.0","14.0","112.0","15.0","3.0","0.493459","147.786","0"
"2026-03-25","125","莠ｬHJH201","蟷ｳ隹ｷ郤ｿ","3","8.0","5.0","49.0","9.0","2.0","0.261016","139.203","0"
"2026-03-25","126","莠ｬLKW990","螟ｧ蜈ｴ郤ｿ","5","13.0","16.0","66.0","11.0","4.0","0.380784","117.841","0"
"2026-03-25","127","莠ｬN7MR82","謌ｿ螻ｱ郤ｿ","7","15.0","16.0","111.0","15.0","12.0","0.563253","112.127","0"
"2026-03-25","128","莠ｬN8TU73","辯暮リ郤ｿ","7","12.0","17.0","75.0","14.0","2.0","0.422006","147.786","0"
"2026-03-26","125","莠ｬHJH201","蟷ｳ隹ｷ郤ｿ","3","3.0","13.0","41.0","8.0","1.0","0.225896","139.203","0"
"2026-03-26","126","莠ｬLKW990","螟ｧ蜈ｴ郤ｿ","5","4.0","14.0","92.0","9.0","3.0","0.381166","117.841","0"
"2026-03-26","127","莠ｬN7MR82","謌ｿ螻ｱ郤ｿ","7","6.0","16.0","162.0","21.0","2.0","0.67767","112.127","0"
"2026-03-26","128","莠ｬN8TU73","辯暮リ郤ｿ","7","8.0","15.0","69.0","13.0","4.0","0.37856","147.786","0"
"2026-03-27","125","莠ｬHJH201","蟷ｳ隹ｷ郤ｿ","3","9.0","8.0","53.0","6.0","5.0","0.267162","139.203","0"
"2026-03-27","126","莠ｬLKW990","螟ｧ蜈ｴ郤ｿ","5","20.0","23.0","106.0","9.0","7.0","0.529513","117.841","0"
"2026-03-27","127","莠ｬN7MR82","謌ｿ螻ｱ郤ｿ","7","19.0","20.0","134.0","16.0","8.0","0.651437","112.127","0"
"2026-03-27","128","莠ｬN8TU73","辯暮リ郤ｿ","7","12.0","13.0","78.0","13.0","6.0","0.421568","147.786","0"
"2026-03-28","125","莠ｬHJH201","蟷ｳ隹ｷ","3","3.0","6.0","51.0","7.0","4.0","0.233352","139.203","0"
"2026-03-28","126","莠ｬLKW990","螟ｧ蜈ｴ郤ｿ","6","5.0","19.0","199.0","16.0","10.0","0.757488","58.06","2"
"2026-03-28","127","莠ｬN7MR82","謌ｿ螻ｱ郤ｿ","7","6.0","13.0","166.0","17.0","8.0","0.662757","141.331","0"
"2026-03-28","128","莠ｬN8TU73","辯暮リ郤ｿ","7","11.0","14.0","117.0","21.0","6.0","0.588666","239.954","0"
"2026-03-30","125","莠ｬHJH201","蟷ｳ隹ｷ郤ｿ","3","14.0","8.0","66.0","9.0","8.0","0.358422","139.203","0"
"2026-03-30","126","莠ｬLKW990","螟ｧ蜈ｴ郤ｿ","5","19.0","14.0","133.0","14.0","7.0","0.613717","117.841","0"
"2026-03-30","127","莠ｬN7MR82","謌ｿ螻ｱ郤ｿ","7","16.0","24.0","143.0","22.0","9.0","0.723786","112.127","0"
"2026-03-30","128","莠ｬN8TU73","辯暮リ郤ｿ","7","17.0","15.0","119.0","16.0","1.0","0.570722","147.786","0"
"2026-03-31","125","莠ｬHJH201","蟷ｳ隹ｷ郤ｿ","3","5.0","15.0","110.0","8.0","18.0","0.467137","139.203","0"
"2026-03-31","126","莠ｬLKW990","螟ｧ蜈ｴ郤ｿ","5","6.0","18.0","112.0","6.0","17.0","0.465828","117.841","0"
"2026-03-31","127","莠ｬN7MR82","謌ｿ螻ｱ郤ｿ","7","5.0","15.0","155.0","17.0","20.0","0.665821","112.127","0"
"2026-03-31","128","莠ｬN8TU73","辯暮リ郤ｿ","7","10.0","27.0","123.0","15.0","3.0","0.575941","147.786","0"
"2026-04-01","125","莠ｬHJH201","蟷ｳ隹ｷ郤ｿ","3","12.0","23.0","45.0","9.0","2.0","0.317182","139.203","0"
"2026-04-01","126","莠ｬLKW990","螟ｧ蜈ｴ郤ｿ","5","13.0","37.0","107.0","8.0","11.0","0.537363","117.841","0"
"2026-04-01","127","莠ｬN7MR82","謌ｿ螻ｱ郤ｿ","7","21.0","41.0","156.0","16.0","7.0","0.771625","112.127","0"
"2026-04-01","128","莠ｬN8TU73","辯暮リ郤ｿ","7","6.0","43.0","87.0","9.0","16.0","0.488196","147.786","0"
"2026-04-02","125","莠ｬHJH201","蟷ｳ隹ｷ郤ｿ","3","3.0","13.0","45.0","4.0","5.0","0.213616","139.203","0"
"2026-04-02","126","莠ｬLKW990","螟ｧ蜈ｴ郤ｿ","5","7.0","28.0","108.0","7.0","4.0","0.460571","117.841","0"
"2026-04-02","127","莠ｬN7MR82","謌ｿ螻ｱ郤ｿ","7","9.0","21.0","174.0","16.0","1.0","0.692601","112.127","0"
"2026-04-02","128","莠ｬN8TU73","辯暮リ郤ｿ","7","7.0","15.0","125.0","17.0","4.0","0.55443","147.786","0"
"2026-04-03","125","莠ｬHJH201","蟷ｳ隹ｷ郤ｿ","3","12.0","3.0","41.0","8.0","3.0","0.248322","139.203","0"
"2026-04-03","126","莠ｬLKW990","螟ｧ蜈ｴ郤ｿ","5","16.0","19.0","87.0","8.0","9.0","0.446593","117.841","0"
"2026-04-03","127","莠ｬN7MR82","謌ｿ螻ｱ郤ｿ","7","24.0","22.0","124.0","18.0","6.0","0.665942","112.127","0"
"2026-04-03","128","莠ｬN8TU73","辯暮リ郤ｿ","7","13.0","21.0","114.0","13.0","4.0","0.536925","147.786","0"
"2026-04-04","125","莠ｬHJH201","蟷ｳ隹ｷ","3","5.0","8.0","58.0","11.0","4.0","0.300032","139.203","0"
"2026-04-04","126","莠ｬLKW990","螟ｧ蜈ｴ郤ｿ","6","7.0","14.0","167.0","16.0","11.0","0.672413","58.06","2"
"2026-04-04","127","莠ｬN7MR82","謌ｿ螻ｱ郤ｿ","7","6.0","15.0","110.0","12.0","5.0","0.471091","141.331","0"
"2026-04-04","128","莠ｬN8TU73","辯暮リ郤ｿ","7","11.0","14.0","89.0","15.0","2.0","0.454456","239.954","0"
"2026-04-06","125","莠ｬHJH201","蟷ｳ隹ｷ","3","8.0","17.0","98.0","10.0","6.0","0.440402","139.203","0"
"2026-04-06","126","莠ｬLKW990","螟ｧ蜈ｴ郤ｿ","6","28.0","20.0","116.0","12.0","6.0","0.60895","58.06","2"
"2026-04-06","127","莠ｬN7MR82","謌ｿ螻ｱ郤ｿ","6","16.0","22.0","112.0","18.0","5.0","0.593084","128.005","0"
"2026-04-06","128","莠ｬN8TU73","辯暮リ郤ｿ","7","14.0","18.0","91.0","12.0","8.0","0.475528","239.954","0"
"2026-04-07","125","莠ｬHJH201","蟷ｳ隹ｷ郤ｿ","4","8.0","9.0","102.0","8.0","23.0","0.457946","141.498","0"
"2026-04-07","126","莠ｬLKW990","螟ｧ蜈ｴ郤ｿ","6","8.0","14.0","144.0","9.0","23.0","0.589963","58.06","2"
"2026-04-07","127","莠ｬN7MR82","謌ｿ螻ｱ郤ｿ","7","8.0","16.0","143.0","12.0","25.0","0.622858","112.127","0"
"2026-04-07","128","莠ｬN8TU73","辯暮リ郤ｿ","7","11.0","13.0","118.0","11.0","24.0","0.552702","147.786","0"
"2026-04-08","125","莠ｬHJH201","蟷ｳ隹ｷ郤ｿ","4","8.0","20.0","72.0","8.0","2.0","0.352682","141.498","0"
"2026-04-08","126","莠ｬLKW990","螟ｧ蜈ｴ郤ｿ","6","14.0","29.0","89.0","8.0","18.0","0.492194","58.06","2"
"2026-04-08","127","莠ｬN7MR82","謌ｿ螻ｱ郤ｿ","7","12.0","23.0","100.0","7.0","6.0","0.455778","112.127","0"
"2026-04-08","128","莠ｬN8TU73","辯暮リ郤ｿ","7","10.0","19.0","84.0","12.0","6.0","0.435151","147.786","0"
